Decade	RhymedNwords	RhymedNsyl	UPoS	LineText
1830s	1	4	ADJ	Друзья̀! на что̀ смуща̀ть ещѐ прах нѐосты̀лый
1830s	1	2	NOUN	Бессмѐртного̀ творца̀?
1830s	1	3	NOUN	Пуска̀й парѝт любо̀вь над мѝрною̀ могѝлой;
1830s	1	2	NOUN	Он блѝжних нѝкогда̀ не о̀горча̀л сердца̀.
1830s	1	3	NOUN	Мѝлый, зво̀нкий со̀ловѐй!
1830s	1	2	DET	На̀сладѝсь весно̀й своѐй!
1830s	1	3	NOUN	По̀й при я̀сностѝ лазу̀ри.
1830s	1	2	NOUN	Что̀ до го̀ря? что̀ до бу̀ри?
1830s	1	3	NOUN	Мѝлый, зво̀нкий со̀ловѐй!
1830s	1	1	NOUN	Бы̀стро мѝнут со̀рок днѐй!
1830s	1	3	NOUN	Мѝлый, зво̀нкий со̀ловѐй!
1830s	1	2	NOUN	Ты̀ поѐшь! -- журчѝт ручѐй,
1830s	1	4	VERB	Ѝ луна̀ всё по̀сребря̀ет,
1830s	1	4	VERB	Гдѐ твой го̀лос про̀бега̀ет
1830s	1	2	NOUN	Свѐтлой, бы̀строю̀ струѐй;
1830s	1	2	NOUN	По̀й! ты о̀тпоѐшь с весно̀й.
1830s	1	3	NOUN	Мѝлый, зво̀нкий со̀ловѐй!
1830s	1	2	NOUN	На̀живѐшь когда̀ детѐй,
1830s	1	4	VERB	Слу̀х пленя̀ть ты по̀забу̀дешь;
1830s	1	2	VERB	Хло̀пота̀ть нево̀льно бу̀дешь:
1830s	1	2	ADV	Нѐ до пѐсен у̀ж тогда̀,
1830s	1	2	NOUN	Ка̀к забо̀ты у̀ гнезда̀!
1830s	1	4	ADJ	Певѐц гремя̀щий, нѐзабвѐнный,
1830s	1	1	DET	Проснѝсь в часы̀ бесѐды сѐй;
1830s	1	5	ADJ	Оста̀вь свой о̀др уѐдинѐнный;
1830s	1	2	NOUN	Восста̀нь! И на̀ призы̀в друзѐй
1830s	1	4	VERB	Из тьмы̀ могѝльной о̀тзовѝся,
1830s	1	5	VERB	В собра̀нье к на̀м перѐнесѝся
1830s	1	2	VERB	И бу̀дь свидѐтель, что̀, любя̀
1830s	1	2	NOUN	Певца̀ велѝких в здѐшнем мѝре,
1830s	1	2	NOUN	Твоѐй ещѐ мы внѐмлем лѝре
1830s	1	2	PRON	И по̀мним в вѐчностѝ тебя̀.
1830s	1	4	VERB	Пять лѐт сего̀дня мѝнова̀ло,
1830s	1	2	NOUN	О дру̀г наш, сѐверны̀й Мильто̀н,
1830s	1	2	VERB	Как мѐжду на̀с тебя̀ не ста̀ло
1830s	1	1	NOUN	И гѐний тво̀й пал в вѐчный со̀н!
1830s	1	3	VERB	Но дру̀жба дру̀га нѐ забы̀ла:
1830s	1	3	NOUN	Не всё̀ ужа̀сная̀ могѝла,
1830s	1	1	PRON	Не всё̀ твоѐ взяла̀ у на̀с.
1830s	1	2	NOUN	Поко̀рна сло̀ву смѐрти зло̀ба,
1830s	1	2	NOUN	Ты мѐртв -- но го̀ворѝшь из гро̀ба,
1830s	1	1	NOUN	Ты пра̀х -- но слы̀шен всѐм твой гла̀с.
1830s	1	2	VERB	Не у̀мира̀ет!.. Ѝ не мо̀жет
1830s	1	3	VERB	Певѐц бессмѐртный у̀мерѐть!
1830s	1	2	VERB	Хотя̀ гробнѝцу врѐмя сгло̀жет,
1830s	1	1	VERB	Но му̀за бу̀дет вѐчно пѐть;
1830s	1	2	NOUN	Он двѝжет гро̀мы, зѐмлю, во̀ды,
1830s	1	2	NOUN	Перѐдаѐт из ро̀да в ро̀ды
1830s	1	2	NOUN	Дела̀ велѝких на̀ землѝ:
1830s	1	3	NOUN	Он то̀т, кем мѝра всѐ Атрѝды
1830s	1	5	NOUN	И са̀мыѐ Семѝрамѝды
1830s	1	2	VERB	До на̀ших днѐй дожѝть моглѝ.
1830s	1	2	NOUN	Поэ̀зиѝ живо̀е сло̀во
1830s	1	2	NOUN	Сильнѐе смѐрти ѝ время̀н;
1830s	1	3	ADV	Их сво̀йство ско̀лько нѝ суро̀во,
1830s	1	2	NOUN	Но нѐ погѝб от нѝх Боя̀н.
1830s	1	3	NOUN	Подо̀бно ѝ твоѝ творѐнья
1830s	1	3	NOUN	Не встрѐтят мра̀чного̀ забвѐнья,
1830s	1	4	VERB	Невѐжество̀ перѐживу̀т,
1830s	1	3	ADJ	Дожду̀тся врѐменѝ злато̀го
1830s	1	2	NOUN	И сѝлою̀ живо̀го сло̀ва
1830s	1	3	VERB	Твой пра̀х ко сла̀ве во̀ззову̀т.
1830s	1	5	NOUN	Блажѐн певѐц! стихо̀творѐнье
1830s	1	2	NOUN	Есть лу̀чший да̀р из всѐх даро̀в,
1830s	1	4	NOUN	В нем зрѝтся нѐба вдо̀хновѐнье
1830s	1	2	NOUN	И слы̀шится̀ язы̀к бого̀в;
1830s	1	3	VERB	И то̀т, кто ѝм владѐть умѐет,
1830s	1	3	VERB	Бессмѐртный ла̀вр в удѐл имѐет;
1830s	1	2	VERB	Ты я̀зыко̀м бого̀в владѐл,
1830s	1	2	ADV	Изо̀бража̀л все стра̀сти жѝво,
1830s	1	3	ADJ	Приро̀ду рѝсова̀л нелжѝво
1830s	1	1	VERB	И пра̀вду вслу̀х пред сѝльным пѐл.
1830s	1	2	NOUN	Ты пѐл могу̀чих в ра̀тном по̀ле
1830s	1	1	PRON	И пѐреда̀л их сла̀ву на̀м;
1830s	1	3	NOUN	Ты пѐл бессмѐртных на̀ престо̀ле
1830s	1	1	DET	И сдѐлался̀ бессмѐртен са̀м;
1830s	1	2	NOUN	Хвала̀ твоѐй гремя̀щей лѝре!
1830s	1	2	NOUN	Для на̀с она̀ не смо̀лкнет в мѝре
1830s	1	2	NOUN	И нѐ завя̀нет тво̀й венѐц,
1830s	1	2	VERB	Тебя̀ чтить му̀зы вѐчно бу̀дут:
1830s	1	4	VERB	Бессмѐртного̀ не по̀забу̀дут;
1830s	1	2	NOUN	И ка̀к забы̀ть? -- ты бы̀л певѐц.
1830s	1	3	NOUN	Так у̀томлѐнный сѝбарѝт
1830s	1	3	NOUN	Весѐльем, нѐгою̀, пира̀ми,
1830s	1	3	VERB	На ро̀зах лѐжа, го̀ворѝт:
1830s	1	2	PRON	«Нет, по̀лно! ра̀сстаю̀сь я с ва̀ми,
1830s	1	2	NOUN	Весѐлье, нѐга ѝ пиры̀!
1830s	1	3	ADJ	Просто̀й приро̀ды ва̀с милѐе
1830s	1	2	NOUN	Просты̀е тѝхиѐ дары̀!
1830s	1	3	PRON	Онѝ полѐзнеѐ, прочнѐе,
1830s	1	2	NOUN	Онѝ ...» Но го̀лос вдру̀г сирѐн
1830s	1	3	NOUN	На бла̀гово̀нныѐ курѐнья
1830s	1	1	NOUN	Вновь му̀дреца̀ влеку̀т во плѐн
1830s	1	3	NOUN	Пиро̀в, и нѐги, ѝ весѐлья!
1830s	1	3	NOUN	И на̀ш любѐзный сѝбарѝт
1830s	1	4	NOUN	Тала̀нтом, чу̀вством, пѐснопѐньем
1830s	1	3	VERB	Лишь то̀лько жѐнщин о̀тбранѝт1
1830s	1	4	NOUN	Как вдру̀г нево̀льно, с во̀схищѐньем,
1830s	1	3	NOUN	О но̀жках2 -- лу̀чшей кра̀сотѐ
1830s	1	3	NOUN	Роско̀шно-то̀много̀ Восто̀ка,
1830s	1	2	NOUN	Своѐй прелѐстнейшѐй мечтѐ --
1830s	1	2	NOUN	Воспо̀мяну̀в, в мгновѐнье о̀ка
1830s	1	2	ADJ	У но̀жек с лѝрою̀ злато̀й!..
1830s	1	3	ADV	И но̀жка жѐнщины̀, конѐчно,
1830s	1	2	ADJ	Не ху̀же го̀ловы̀ мужско̀й,
1830s	1	2	ADV	Набѝтой спѐсью, чва̀нством вѐчно
1830s	1	2	ADJ	И тѐм не мѐнеѐ -- пусто̀й!
1830s	1	3	ADJ	И тѐм не мѐнеѐ вино̀вен
1830s	1	2	NOUN	Бесцѐнный гра̀ция̀м поэ̀т,
1830s	1	3	ADJ	Что про̀тив ѝх подру̀г нескро̀мен,
1830s	1	2	NOUN	Неспра̀ведлѝв его̀ обѐт!..
1830s	1	2	VERB	Тебѐ одна̀ из нѝх (быть мо̀жет)
1830s	1	1	NOUN	Невѐрной ста̀ла ... го̀рький ча̀с!
1830s	1	1	PRON	Но ско̀льких жѐ (увы̀!) из на̀с
1830s	1	2	VERB	Неу̀кротѝмо за̀висть гло̀жет,
1830s	1	1	DET	Шипя̀щая̀ на гѐний тво̀й?
1830s	1	3	ADV	И ты̀ не ѝм, а на̀м отны̀не
1830s	1	2	ADJ	Жела̀ешь лѝрою̀ злато̀й
1830s	1	3	NOUN	(Подо̀бно ка̀к средь змѐй в пусты̀не!)
1830s	1	1	PART	И пѐть, и нра̀виться̀?.. Ах, нѐт!
1830s	1	3	NOUN	И по̀й, и нра̀вься лѝшь харѝтам,
1830s	1	2	NOUN	Тобо̀й пленя̀емы̀м, поэ̀т!
1830s	1	4	NOUN	И бу̀дь подо̀бен сѝбарѝтам
1830s	1	2	NOUN	Вовѐки нѐгою̀ стихо̀в!
1830s	1	2	ADV	И о̀лимпѝйских бу̀дут вѐчно
1830s	1	2	NOUN	Онѝ весѐлиѐм пиро̀в!
1830s	1	2	ADV	Хор жѐнщин слы̀шу: «Бу̀дут вѐчно!»
1830s	1	2	NOUN	Мы в пѐрвой вѝделѝ главѐ
1830s	1	2	NOUN	Картѝну фра̀нтов, мо̀д и свѐта --
1830s	1	2	NOUN	При пѝитѝческо̀й Невѐ,
1830s	1	3	NOUN	Где ра̀звился̀ тала̀нт поэ̀та,
1830s	1	2	NOUN	Как во̀лны ра̀ннею̀ весно̀й.
1830s	1	2	ANUM	Его̀ нам кѝсть в главѐ второ̀й
1830s	1	2	NOUN	Совсѐм ины̀х картѝну нра̀вов,
1830s	1	1	NOUN	Ины̀х хара̀ктеро̀в и лѝц --
1830s	1	2	NOUN	От на̀ших вда̀лекѐ столѝц, --
1830s	1	3	NOUN	Ины̀х обы̀чаѐв, уста̀вов,
1830s	1	2	ADJ	С ино̀ю жѝзнию̀, с ино̀й
1830s	1	2	NOUN	Потрѐбностью̀ страстѐй и сча̀стья,
1830s	1	2	NOUN	Рису̀ет вѐрною̀ руко̀й,
1830s	1	3	NOUN	И о̀бе--ска̀жем бѐз пристра̀стья
1830s	1	2	NOUN	И с нѐзавѝсимо̀й душо̀й --
1830s	1	3	ADJ	Равно̀ прелѐстны ѝ знако̀мы,
1830s	1	2	ADV	И у̀морѝтельны̀ подча̀с,
1830s	1	1	PRON	И по̀учѝтельны̀ для на̀с;
1830s	1	2	NOUN	И пу̀сть друго̀й напѝшет то̀мы
1830s	1	2	PRON	Сих са̀мых жѐ картѝн: онѐ,
1830s	1	2	NOUN	Смолча̀в о кра̀сках ѝ огнѐ,
1830s	1	2	VERB	Скажу̀ -- полнѐй отню̀дь не бу̀дут.
1830s	1	3	VERB	Двух гла̀в ... в два вѐка нѐ забу̀дут
1830s	1	2	NOUN	Затѐм что ѐсть всему̀ предѐл!
1830s	1	1	VERB	Блажѐн, кто ѝ для вну̀ков пѐл!
1830s	1	4	NOUN	Хвала̀ вам, смѐлыѐ певцы̀ и стѝходѐи.
1830s	1	1	VERB	В поэ̀зиѝ тепѐрь нам ко̀декс но̀вый да̀н:
1830s	1	3	NOUN	Гора̀ций ѝ Парнѝ -- пигмѐи,
1830s	1	3	NOUN	А Пу̀мпер Нѝкель -- вѐлика̀н!
1830s	1	2	NOUN	Проща̀йте, мѝлыѐ друзья̀!
1830s	1	2	PRON	Пода̀грик ра̀сстаѐтся с ва̀ми,
1830s	1	1	PRON	Но с ва̀ми сѐрдцем бу̀ду я̀,
1830s	1	3	NOUN	Пока̀ ещѐ хранѝм бога̀ми.
1830s	1	2	INTJ	Час блѝзок; мо̀жет бы̀ть, увы̀,
1830s	1	1	PRON	Меня̀ не бу̀дет -- бу̀дьте вы̀!
1830s	1	1	VERB	Дельфѝйский бо̀г, венѐц тобо̀ю да̀н
1830s	1	3	NOUN	Исто̀рику̀, фило̀софу̀, поэ̀ту!
1830s	1	2	NOUN	О, бу̀дь вождѐм его̀! Пусть, стра̀нствуя̀ по свѐту,
1830s	1	3	NOUN	Он во̀звратѝтся здра̀в для сла̀вы ро̀ссия̀н!
1830s	1	4	ADV	Поэ̀т-племя̀нник, спра̀ведлѝво
1830s	1	2	PRON	Я на̀зван кла̀ссико̀м тобо̀й!
1830s	1	5	ADV	Всё, что̀ умно̀, красно̀речѝво,
1830s	1	2	NOUN	Всё, что̀ напѝсано̀ с душо̀й,
1830s	1	3	VERB	Мне нра̀вится̀, меня̀ пленя̀ет.
1830s	1	3	VERB	Твоѝ стихѝ, повѐрь, чита̀ет
1830s	1	1	DET	С живы̀м восто̀ргом дя̀дя тво̀й.
1830s	1	3	NOUN	Лато̀ны сы̀на ты̀ любѝмец,
1830s	1	3	VERB	Тебя̀ он вку̀сом о̀дарѝл;
1830s	1	3	NOUN	Оча̀рова̀тель ѝ счастлѝвец,
1830s	1	3	VERB	Сердца̀ ты на̀ши по̀лонѝл
1830s	1	4	ADJ	Своѝм тала̀нтом прѐвосхо̀дным.
1830s	1	3	ADJ	Все мы̀сли вы̀ража̀ть спосо̀бным.
1830s	1	1	DET	«Русла̀н», «Кавка̀зский плѐнник» тво̀й,
1830s	1	3	NOUN	«Фонта̀н», «Цыга̀ны» ѝ «Евгѐний»
1830s	1	4	NOUN	Прекра̀сных по̀лны вдо̀хновѐний!
1830s	1	1	PRON	Онѝ всегда̀ перѐдо мно̀й,
1830s	1	2	ADJ	И нѐ для крѝтикѝ пусто̀й.
1830s	1	4	NOUN	Я ѝх твержу̀ для на̀слаждѐнья.
1830s	1	3	NOUN	Тацѝта на̀шего̀ творѐнья
1830s	1	2	ADJ	Чита̀ет жу̀рналѝст ино̀й,
1830s	1	2	NOUN	Чтоб сла̀ву о̀чернѝть хуло̀й.
1830s	1	4	NOUN	Зоѝл досто̀ин со̀жалѐнья;
1830s	1	2	ADJ	Он по̀забы̀л, что нѐ вредна̀
1830s	1	2	NOUN	Гранѝту бу̀рная̀ волна̀.
1830s	1	1	PRON	Това̀рищ-дру̀г! Ты по̀мнишь лѝ, что я̀
1830s	1	2	NOUN	Ещѐ живу̀ в сем мѝре?
1830s	1	2	NOUN	Что бы̀ли в ста̀рину̀ с тобо̀ю мы̀ друзья̀,
1830s	1	2	NOUN	Что я̀ на скро̀мной лѝре,
1830s	1	1	DET	Быва̀ло, во̀спева̀л тала̀нт изя̀щный тво̀й?
1830s	1	2	PRON	Быва̀ло, ча̀сто я̀, бесѐдуя̀ с тобо̀й,
1830s	1	3	NOUN	Чита̀л твоѝ балла̀ды ѝ посла̀нья:
1830s	1	4	NOUN	Прия̀тныѐ, увы̀, для сѐрдца вспо̀мина̀нья!
1830s	1	4	VERB	Тепѐрь мне нѐкому̀ душѝ перѐдава̀ть:
1830s	1	3	NOUN	С тобо̀ю, В я̀земскѝ м, со всѐми я̀ в разлу̀ке;
1830s	1	3	VERB	Мне су̀ждено̀ томѝться, го̀рева̀ть
1830s	1	2	NOUN	И днѝ влачѝть в страда̀ния̀х и ску̀ке.
1830s	1	3	VERB	Где Б лу̀до в? Гдѐ Д ашко̀ в? Жизнь до̀лгу по̀святѝв,
1830s	1	3	VERB	Онѝ забо̀тятся̀, трудя̀тся;
1830s	1	2	VERB	Но ѝ в труда̀х своѝх нерѐдко, мо̀жет ста̀ться,
1830s	1	1	ADJ	Прихо̀дит ѝм на мы̀сль, что дру̀г их ста̀рый жѝв.
1830s	1	1	NOUN	Я жѝв, чтоб ва̀с любѝть, чтоб по̀мнить вся̀кий ча̀с,
1830s	1	3	VERB	Что ва̀с ещѐ имѐю;
1830s	1	3	VERB	Благо̀даря̀ судьбу̀, я в чу̀вствах нѐ хладѐю.
1830s	1	1	PRON	Молю̀, чтоб нѐбеса̀ соѐдинѝли на̀с.
1830s	1	1	DET	Племя̀нник ѝ поэ̀т! Позво̀ль, чтоб дя̀дя тво̀й
1830s	1	2	PRON	На ста̀ростѝ в стиха̀х пого̀ворѝл с тобо̀й.
1830s	1	4	VERB	Хоть мо̀дный ро̀мантѝзм подча̀с я о̀сужда̀ю,
1830s	1	4	VERB	Но ѝстинны̀й тала̀нт люблю̀ и у̀важа̀ю.
1830s	1	2	NOUN	Посла̀ниѐ твоѐ к вельмо̀же ѐсть примѐр,
1830s	1	2	NOUN	Что нѐ забы̀т тобо̀й затѐйливы̀й Вольтѐр.
1830s	1	3	VERB	Ты о̀строу̀миѐ и вку̀с его̀ имѐешь
1830s	1	3	VERB	И нра̀виться̀ во всѐм чита̀телю̀ умѐешь.
1830s	1	3	NOUN	Пусть бѐсится̀, ворчѝт моско̀вский Ла̀бомѐль:
1830s	1	2	NOUN	Не о̀ставля̀й свою̀ прелѐстную̀ свирѐль!
1830s	1	3	VERB	Пусты̀е крѝтикѝ досто̀инств нѐ ума̀лят;
1830s	1	2	VERB	Жуко̀вский, Дмѝтриѐв тебя̀ и чту̀т и хва̀лят;
1830s	1	2	NOUN	Крыло̀в и Вя̀земскѝй в числѐ твоѝх друзѐй;
1830s	1	2	DET	Пишѝ и у̀теша̀й их му̀зою̀ своѐй,
1830s	1	2	NOUN	Нака̀зыва̀й глупцо̀в, не го̀воря̀ ни сло̀ва,
1830s	1	4	NOUN	Печа̀тай ѝм назло̀ скорѐе «Го̀дуно̀ва».
1830s	1	1	NOUN	Творѐния̀ твоѝ для нѝх тяжѐлый бѝч,
1830s	1	2	NOUN	Нибу̀ром нѝкогда̀ не бу̀дет на̀ш москвѝч,
1830s	1	3	NOUN	И а̀втор по̀вестѝ топо̀рныя̀ рабо̀ты
1830s	1	2	NOUN	Не мо̀жет, ка̀жется̀, просѝться в Ва̀льтер Ско̀тты.
1830s	1	2	ADJ	Дово̀льно ѝ того̀, что жу̀рналѝст сухо̀й
1830s	1	2	NOUN	В журна̀ле чтѝт себя̀ рома̀нтико̀в главо̀й.
1830s	1	3	NOUN	Но по̀лно! Что̀ тебѐ парна̀сскиѐ пигмѐи,
1830s	1	3	NOUN	Нелѐпая̀ их бра̀нь, придѝрки ѝ затѐи!
1830s	1	1	PRON	Счастлѝвцу нѐкогда̀ смея̀ться да̀же ѝм.
1830s	1	2	VERB	Благо̀даря̀ судьбу̀, ты лю̀бишь ѝ любѝм.
1830s	1	3	NOUN	Венча̀нный ро̀замѝ ты гра̀циѝ руко̀ю,
1830s	1	3	NOUN	Вселѐнную̀ забы̀л, к ней прѝлепя̀сь душо̀ю.
1830s	1	4	VERB	Прелѐстный взо̀р еѐ тебя̀ живо̀творѝт
1830s	1	2	VERB	И сча̀стье про̀чноѐ, и ра̀достѝ сулѝт.
1830s	1	4	NOUN	Блажѐнствуй, но̀ в часы̀ свобо̀ды, вдо̀хновѐнья
1830s	1	5	NOUN	Бесѐдуй с му̀замѝ, пишѝ стихо̀творѐнья,
1830s	1	4	VERB	Словѐсность ру̀сскую̀, язы̀к обо̀гаща̀й
1830s	1	3	VERB	И вѐчно с мѝртамѝ ты ла̀вры съѐдиня̀й.
1830s	1	4	NOUN	Послѐдний со̀лнца лу̀ч пога̀с за А̀пеннѝном;
1830s	1	1	NOUN	На сто̀гнах Па̀виѝ умо̀лк наро̀дный шу̀м.
1830s	1	2	NOUN	Шотла̀ндиѝ брего̀в туда̀ за смѐлым сы̀ном
1830s	1	1	NOUN	Несѐтся о̀крылѐнный у̀м.
1830s	1	4	NOUN	Ты ль э̀то, ко̀ему̀ дивѝтся со̀времѐнник,
1830s	1	2	NOUN	Чьей лѝре внѐмлет свѐт, как го̀лосу̀ веко̀в,
1830s	1	2	NOUN	Ты ль, в мра̀чностѝ глухо̀й, дни, ка̀к шилло̀нский плѐнник,
1830s	1	2	NOUN	Ведѐшь средь тя̀гостны̀х око̀в?!
1830s	1	4	NOUN	Ты ль э̀то, до̀блестны̀й пито̀мец А̀льбио̀на,
1830s	1	2	NOUN	Свобо̀ды, кра̀соты̀ и му̀жества̀ поэ̀т,
1830s	1	2	NOUN	Ты ль зрѝшься в го̀рестѝ, отто̀ргнуты̀й от ло̀на
1830s	1	2	NOUN	Весѐлий, ка̀к друго̀й Манфрѐд?
1830s	1	4	VERB	Но что̀! Твой я̀сный лѝк как бу̀дто о̀живѝлся,
1830s	1	3	VERB	Какѝм-то сча̀стиѐм взор сно̀ва во̀згорѐл;
1830s	1	3	VERB	Светѝльник тво̀й поту̀х, но прѐд тобо̀й откры̀лся
1830s	1	2	VERB	Небѐсный сво̀д -- и ты̀ запѐл:
1830s	1	3	NOUN	«Брита̀ния̀! Страна̀ Шекспѝра ѝ Невто̀на,
1830s	1	3	NOUN	Страна̀, где я̀ вкусѝл и жѝзнь, и бы̀тиѐ,
1830s	1	3	NOUN	Где чѐловѐк, как мѝр, под сѐнию̀ зако̀на
1830s	1	2	DET	Сверша̀ет по̀прищѐ своѐ!
1830s	1	2	ADJ	Привѐтствую̀ тебя̀ из сѐй темнѝцы да̀льней,
1830s	1	2	PRON	В глубо̀кой мра̀чностѝ вздыха̀ю о̀ тебѐ,
1830s	1	3	ADJ	Твой о̀браз льѐт елѐй моѐй душѐ печа̀льной
1830s	1	2	NOUN	В сей тя̀жкой, го̀рестно̀й судьбѐ.
1830s	1	5	VERB	О ю̀ность! Ты̀ в мечта̀х меня̀ обво̀рожѝла,
1830s	1	1	VERB	О жѝзнь! Я, ку̀бок тво̀й держа̀в, того̀ не зрѐл,
1830s	1	4	X	Что пѐна лѝшь края̀ той ча̀ши сѐребрѝла,2
1830s	1	1	VERB	И, жѝзнью у̀поѐнный, пѐл!
1830s	1	3	NOUN	Но пѐсни бы̀тия̀ моглѝ ль мне бы̀ть замѐной?
1830s	1	1	NOUN	Воо̀бражѐниѐ звало̀ меня̀ на ю̀г:
1830s	1	3	ADJ	Там нѐбо чѝстоѐ, там бо̀р всегда̀ зелѐный
1830s	1	1	NOUN	И пы̀шный, а̀рома̀тный лу̀г.
1830s	1	2	NOUN	Туда̀ помча̀л меня̀ кора̀бль, с стремѝтельно̀стью мы̀сли,
1830s	1	1	NOUN	Туда̀, где нѐкогда̀ жил в нѐге го̀рдый ма̀вр,
1830s	1	3	VERB	Где ска̀лы на̀д водо̀й ужа̀сныѐ навѝсли
1830s	1	1	NOUN	И вѐчно зѐленѐет ла̀вр.
1830s	1	3	NOUN	И ты̀, отѐчество̀ полу̀бого̀в, геро̀ев,
1830s	1	2	ADV	О Грѐция̀, была̀ ль забы̀та мно̀й когда̀?
1830s	1	2	NOUN	Я пѐл твой сты̀д -- и тьмы̀ оду̀шевлѐнных стро̀ев
1830s	1	2	NOUN	Тебя̀ спаса̀ют о̀т стыда̀.
1830s	1	4	NOUN	В окрѐстностя̀х Афѝн, на брѐге Са̀ламѝны,
1830s	1	2	ADJ	Любѝл я со̀ловья̀ внима̀ть в тишѝ ночно̀й;
1830s	1	3	NOUN	И го̀ры, ѝ ручьѝ, и на̀ поля̀х руѝны
1830s	1	1	PRON	Гласѝли о̀ века̀х со мно̀й.
1830s	1	3	ADV	Я вѝдел всё̀, что зрѐть и сла̀вно, ѝ досто̀йно,
1830s	1	3	VERB	И, жа̀жду зна̀ния̀ жела̀я у̀толѝть,
1830s	1	3	ADV	Броса̀лся в Гѐллеспо̀нт и сѐй пролѝв споко̀йно
1830s	1	2	VERB	Дерза̀л и бѐз любвѝ преплы̀ть.
1830s	1	3	NOUN	И ты̀, о сла̀вный гра̀д тира̀нския̀ свобо̀ды,
1830s	1	1	NOUN	Супру̀га А̀дриѝ, на о̀кеа̀не Рѝм,
1830s	1	2	NOUN	Венѐция̀! Тебя̀, неся̀ на жѐртву го̀ды,
1830s	1	2	DET	Я по̀свяща̀л мечта̀м моѝм.
1830s	1	3	ADJ	Я сча̀стлив бы̀л, когда̀ поэ̀зиѐй высо̀кой
1830s	1	2	VERB	Слезу̀ уча̀стия̀ мог ѝз очѐй извлѐчь,
1830s	1	3	ADJ	Исхѝтить ѝз душѝ глас со̀вестѝ глубо̀кой
1830s	1	1	NOUN	Иль ѝз рукѝ тира̀нский мѐч.
1830s	1	2	NOUN	Но дрѐво зна̀ния̀, увы̀! не жѝзни дрѐво!
1830s	1	2	NOUN	Кто бо̀леѐ страда̀л, лишь то̀т одѝн мудрѐц;
1830s	1	2	NOUN	Утѐшить нѐ могла̀ меня̀ прелѐстна дѐва,
1830s	1	1	NOUN	Ни сла̀ва ... сѐй мину̀тный льстѐц.
1830s	1	5	ADJ	В супру̀жествѐ, в любвѝ поэ̀т непо̀стоя̀нный,
1830s	1	3	ADV	Отѐц бездѐтный здѐсь, отчѝзны вда̀лекѐ,
1830s	1	3	ADJ	Кто мо̀г бы к прѝстанѝ меня̀ вестѝ жела̀нной,
1830s	1	2	NOUN	Како̀й повѐриться̀ рукѐ?
1830s	1	3	NOUN	Сомнѐнье Ка̀ина̀, таѝнственно̀сть Манфрѐда
1830s	1	3	VERB	Весь на̀полня̀ют ду̀х, всё сѐрдце тя̀готя̀т;
1830s	1	3	NOUN	Завѝдна у̀часть мнѐ твоя̀, певѐц Готфрѐда:
1830s	1	3	VERB	Тебя̀ геро̀и за̀щитя̀т.
1830s	1	5	ADJ	Рина̀льдо ѝ Танкрѐд; их мѐч благо̀честѝвый,
1830s	1	2	NOUN	Их про̀видѐнию̀ откры̀тыѐ сердца̀
1830s	1	5	ADJ	Промча̀т черѐз толпу̀, поэ̀т бого̀любѝвый,
1830s	1	2	NOUN	Тебя̀ вселѐнной до̀ конца̀.
1830s	1	3	NOUN	Но бо̀леѐ я ва̀м завѝдую̀, поэ̀ты,
1830s	1	1	NOUN	Вам, ко̀их чу̀вствия̀, душѝ небѐсный жа̀р
1830s	1	3	VERB	Земно̀ю лѝрою̀ ввек нѐ былѝ воспѐты,
1830s	1	1	NOUN	И вы̀, не по̀кида̀я ла̀р,
1830s	1	3	NOUN	В сердѐчной про̀стотѐ вкуша̀етѐ блажѐнство!
1830s	1	3	NOUN	Для ва̀с зарѝ восхо̀д есть мѝра то̀ржество̀;
1830s	1	4	NOUN	Для ва̀с прекра̀сный дѐнь есть жѝзни со̀вершѐнство,
1830s	1	3	NOUN	Приро̀ды ро̀скошь, пѝршество̀.
1830s	1	3	VERB	Вы лю̀битѐ цвета̀м и зѐленѝ дивѝться,
1830s	1	2	NOUN	Внима̀ть журча̀нию̀ ручья̀ и до̀ росы̀,
1830s	1	3	VERB	Прельщѐнны со̀ловьѐм, на бѐрегу̀ забы̀ться,
1830s	1	2	NOUN	Не вѝдя, ка̀к бегу̀т часы̀.
1830s	1	3	NOUN	Мне, мнѐ друго̀й удѐл! Колѐблемы̀й судьбо̀ю,
1830s	1	1	NOUN	Как бро̀шенны̀й кора̀бль грозо̀ю мѐжду ска̀л,
1830s	1	3	NOUN	От стра̀ха ѝ надѐжд я го̀рдою̀ душо̀ю
1830s	1	2	VERB	Спастѝсь несча̀стиѐм жела̀л.
1830s	1	5	ADJ	Жела̀л -- и во̀т оно̀! Хао̀с непо̀стижѝмый,
1830s	1	4	VERB	Все чу̀вствия̀ душѝ в одно̀ сово̀купя̀,
1830s	1	3	ADJ	Теснѝт меня̀, и бо̀г ужа̀сный, но̀ незрѝмый,
1830s	1	2	PRON	Гласѝт: «Я прѐдваря̀л тебя̀!»
1830s	1	2	NOUN	Всё ко̀нчило̀сь! едва̀ вступѝл в житѐйско по̀ле
1830s	1	3	VERB	И ѝз конца̀ в конѐц то по̀ле про̀йдено̀.
1830s	1	2	NOUN	Увы̀! Есть смѐртныѐ, кому̀ в жесто̀кой до̀ле
1830s	1	2	VERB	Достѝгнуть лѐта нѐ дано̀!»
1830s	1	4	VERB	Так пѐл Бейро̀н. Лицѐ брита̀нца во̀згорѐлось,
1830s	1	2	NOUN	И на̀ глаза̀х его̀ блесну̀ли двѐ слезы̀;
1830s	1	3	VERB	Каза̀лось, за̀рево̀ вечѐрнеѐ зардѐлось,
1830s	1	2	NOUN	Гоня̀ следы̀ дневно̀й грозы̀.
1830s	1	3	NOUN	Темнѝца вѐтхая̀ вняла̀ певцу̀ Корса̀ра,
1830s	1	3	VERB	И чу̀вство го̀рестѝ тюрѐмщик о̀щутѝл;
1830s	1	2	NOUN	И у̀зник за̀ стено̀й божѐственно̀го да̀ра
1830s	1	2	VERB	Впервы̀е сла̀достѝ вкусѝл.
1830s	1	3	NOUN	Ита̀лия̀! Земля̀ приро̀ды ѝ иску̀сства,
1830s	1	3	NOUN	Почто̀, подо̀бяся̀ Армѝде кра̀сото̀й,
1830s	1	2	NOUN	Зовѐшь в сады̀ сиѝ: там у̀слажда̀ешь чу̀вства
1830s	1	3	ADJ	И гро̀б гото̀вишь зо̀лото̀й?
1830s	1	3	NOUN	А вы̀, о гѐниѝ, лишѐнныѐ прию̀та,
1830s	1	2	NOUN	Вы, Бѐйрон, Да̀нт и Та̀сс, геро̀и бѐз войны̀,
1830s	1	3	NOUN	Для ва̀с не со̀здана̀ в тепѐрешнѐм мину̀та,
1830s	1	2	VERB	Но вѐки в бу̀дущѐм даны̀.
1830s	1	3	VERB	Опя̀ть во вла̀сть судьбы̀ преда̀йся,
1830s	1	2	NOUN	Бродѝ без дру̀жбы ѝ любвѝ;
1830s	1	4	VERB	Кто сѐрдцу мѝл, с тем ра̀злуча̀йся,
1830s	1	2	VERB	Кого̀ не лю̀бишь, с тѐм живѝ.
1830s	1	2	NOUN	Давно̀ ль пловѐц низвѐржен в мо̀ре,
1830s	1	2	VERB	Давно̀ ли, на̀д собо̀й скорбя̀,
1830s	1	2	NOUN	Я бу̀рю ѝспыта̀л ... Но в го̀ре,
1830s	1	2	PRON	Мальвѝна! я̀ узна̀л тебя̀!
1830s	1	4	VERB	Узна̀л -- и сно̀ва за̀игра̀ли
1830s	1	2	NOUN	Надѐжды сѐрдца ѝ любо̀вь:
1830s	1	3	NOUN	Забы̀л я прѐжниѐ печа̀ли
1830s	1	1	ADV	И сча̀стию̀ повѐрил вно̀вь.
1830s	1	4	NOUN	Твоя̀ улы̀бка -- вдо̀хновѐнье,
1830s	1	2	NOUN	Твой ста̀н -- возду̀шен ка̀к мечта̀;
1830s	1	4	NOUN	Твой нѐжный го̀лос -- у̀поѐнье,
1830s	1	3	NOUN	Твой взо̀р -- любо̀вь и кра̀сота̀!
1830s	1	3	ADJ	С тобо̀й по бу̀ре -- мѝр сердѐчный
1830s	1	1	NOUN	Нашѐл я, ка̀к счастлѝвый со̀н:
1830s	1	4	ADJ	Сон сла̀достны̀й, но ско̀ротѐчный!..
1830s	1	3	VERB	Увы̀, опя̀ть я про̀буждѐн!
1830s	1	2	VERB	О чѐм я в ю̀ностѝ мечта̀л,
1830s	1	3	ADJ	Ведо̀м надѐждою̀ отра̀дной,
1830s	1	2	ADJ	Что на̀конѐц и о̀пыт хла̀дной
1830s	1	3	VERB	Иль о̀провѐрг, иль о̀правда̀л,--
1830s	1	5	VERB	Найдѐте здѐсь изо̀бражѐнным,
1830s	1	1	PRON	И во̀звратѝтесь вы̀ со мно̀й
1830s	1	3	ADJ	К дням бѐззабо̀тным ѝ блажѐнным,
1830s	1	2	ADJ	Когда̀ мы зрѐли мѝр ино̀й.
1830s	1	3	NOUN	Всегда̀ ль умнѐе мы̀ с лета̀ми?
1830s	1	1	VERB	Повѐрьте: му̀дрость лю̀бит жѝть
1830s	1	3	NOUN	И мѐж весѐннимѝ цвета̀ми;
1830s	1	2	VERB	И му̀за мо̀жет на̀с дружѝть
1830s	1	3	ADJ	С судьбо̀й, столь ча̀сто к на̀м жесто̀кой.
1830s	1	3	ADJ	И мо̀жет ѝстины̀ высо̀кой,
1830s	1	1	VERB	Игра̀ючѝ, завѐсу вскры̀ть!
1830s	1	3	ADJ	Хор гря̀нул!.. Кто̀ слетѐл в гармо̀ниѝ небѐсной?
1830s	1	2	NOUN	Не вы̀ ли, дѐвы го̀р, любѐзных для̀ певцо̀в?
1830s	1	4	ADJ	Как пла̀мень, ка̀к восто̀рг -- прихо̀д ваш бла̀говѐстный!
1830s	1	2	NOUN	О, ра̀дость, кра̀сота̀ превы̀спреннѝх умо̀в!
1830s	1	4	NOUN	Откро̀йте, му̀зы, на̀м в день свѐтлых вдо̀хновѐний,
1830s	1	7	NOUN	Царю̀, отѐчеству̀ свящѐннопрѝношѐний,
1830s	1	1	PRON	Откро̀йте пѝр духо̀вный на̀м,
1830s	1	2	NOUN	В завѐт и ча̀дам, ѝ отца̀м!
1830s	1	2	NOUN	От бо̀га пѐснь течѐт, да взы̀дет в ло̀но бо̀га!
1830s	1	2	ADJ	Всепо̀клоня̀емы̀й! -- Ты бу̀дешь! -- Бы̀л! -- Едѝн!
1830s	1	3	NOUN	Во сла̀ве вѐчностью̀ объя̀того̀ черто̀га,
1830s	1	2	NOUN	На ка̀менѝ твоѝх незы̀блемы̀х судьбѝн,
1830s	1	3	NOUN	В высо̀ком бла̀гостѝ, могу̀щества̀ совѐте,
1830s	1	2	NOUN	Повсю̀ду зрѝмый свѐт в непо̀стижѝмом свѐте,
1830s	1	3	VERB	Твоя̀ прему̀дрость прѐдседѝт,
1830s	1	2	VERB	Всё зѝждет, дѐржит ѝ хранѝт!
1830s	1	3	VERB	Ещѐ в безмо̀лвной мглѐ хао̀сных бѐздн лежа̀ла
1830s	1	2	NOUN	Недвѝжима̀я жѝзнь, как мо̀ре бѐз брего̀в,
1830s	1	3	NOUN	Как льдя̀ный о̀кеа̀н без вѝда, бѐз нача̀ла;
1830s	1	2	NOUN	Всесѝльная̀ рекла̀ -- разда̀лся тьмы̀ покро̀в,
1830s	1	3	NOUN	Стал а̀нгел бы̀тия̀ и во̀спалѝл пучѝны,
1830s	1	3	NOUN	И тро̀нулѝсь стихѝй таѝнственны̀ махѝны;
1830s	1	1	NOUN	Движѐнья, чѝсла, мѐры, вѐс
1830s	1	2	VERB	Прия̀ли хо̀д, и тру̀д воскрѐс!
1830s	1	2	NOUN	Воскрѐс всео̀бщий тру̀д -- с божѐственно̀го тро̀на
1830s	1	1	NOUN	Ниспо̀сланну̀ю мы̀сль в себѐ раскры̀вший мѝр,
1830s	1	3	NOUN	Вседѐйствую̀ща жѝзнь! -- Едѝного̀ зако̀на,
1830s	1	2	NOUN	Едѝной во̀ли пло̀д! Огнь, вла̀га, пра̀х, эфѝр,
1830s	1	3	NOUN	Несчѐтно ра̀зноѐ несчѐтных сѝл слия̀нье --
1830s	1	4	NOUN	Всё ца̀рственно̀ труда̀ благо̀го о̀дея̀нье!
1830s	1	1	NOUN	Он врѐменѝ душа̀ и цвѐт;
1830s	1	2	VERB	И мѝр, и врѐмя в нѐм уснѐт!
1830s	1	3	VERB	Кто ѝзбранны̀ его̀? Где со̀нм его̀ венча̀нный?
1830s	1	2	PRON	Свято̀е пра̀вило̀, век вѐрноѐ себѐ;
1830s	1	4	ADJ	Поря̀док, стро̀йностѝ ревнѝтель по̀стоя̀нный;
1830s	1	2	NOUN	Терпѐнье, крѐпкоѐ превра̀тностѐй в борьбѐ;
1830s	1	4	ADJ	Хозя̀йство я̀сноѐ со взо̀ром всѐстрегу̀щим,
1830s	1	3	VERB	И о̀пыт, су̀дия̀ мину̀вшего̀ с гряду̀щим,
1830s	1	2	NOUN	И ты̀, согла̀сье, свя̀зь вещѐй,
1830s	1	3	NOUN	Духо̀в небѐсных ко̀рифѐй!
1830s	1	2	NOUN	От вѐтров чѐтырѐх четы̀ре тру̀бны гла̀са
1830s	1	2	NOUN	Бесѐдую̀т с тобо̀й, о смѐртный ца̀рь землѝ!
1830s	1	4	ADJ	Се! лѐто, ѝ весна̀, и о̀сень зла̀товла̀са,
1830s	1	2	VERB	И гро̀зная̀ зима̀ тебѐ реку̀т: внемлѝ!
1830s	1	4	VERB	Нощь ха̀ртию̀ из бу̀кв горя̀щих ра̀злага̀ет;
1830s	1	4	VERB	День рѝзой пла̀менно̀й свод го̀рний о̀блека̀ет,
1830s	1	2	NOUN	Чтобы̀ во сла̀ве ѝх лица̀
1830s	1	2	NOUN	Ты зрѐл творѐнье ѝ творца̀!
1830s	1	2	ADJ	Что но̀щь сия̀? Что дѐнь? Что у̀тро, вѐчер кра̀сный?
1830s	1	2	NOUN	Что го̀да врѐмена̀, теку̀щиѐ чредо̀й?
1830s	1	3	ADJ	Мечта̀ния̀ очѐй, иль сѝлы, на̀м нея̀сны,
1830s	1	2	ADJ	Бого̀творѝмыѐ от ро̀бостѝ слепо̀й?
1830s	1	3	ADJ	Зевѐс ли мѐщет гро̀м, иль ду̀хи бу̀рь могу̀чи
1830s	1	2	NOUN	В предѐлах о̀гненны̀х, как ра̀ти, во̀дят ту̀чи,
1830s	1	4	VERB	Чтобы̀ поля̀ плодо̀творѝть
1830s	1	3	VERB	И мѝр под нѐбом во̀дворѝть?
1830s	1	4	ADJ	По ма̀новѐнию̀ ль дриа̀ды мо̀лчалѝвой
1830s	1	1	NOUN	Из ко̀рня со̀к, взнеся̀сь, цветка̀ приѐмлет вѝд?
1830s	1	4	ADJ	Гото̀воѐ ль в гора̀х, судьбо̀ю спра̀ведлѝвой
1830s	1	1	VERB	Ута̀ено̀ сребро̀ и блѐск алма̀за скры̀т?
1830s	1	2	NOUN	Бриа̀рея̀ ль тесня̀, Везу̀вий мѐщет ла̀вы?
1830s	1	4	ADJ	Непту̀ну лѝ Нерѐй вьет во̀лны сѐдогла̀вы,
1830s	1	1	NOUN	И Та̀ртара̀ ужа̀сный ца̀рь
1830s	1	1	NOUN	Приво̀дит тру̀сом в трѐпет тва̀рь?
1830s	1	2	ADJ	Дея̀тельно̀сть! вездѐ твоѝ явлѐнья дѝвны!
1830s	1	2	NOUN	Вездѐ прису̀тствия̀ всемо̀щного̀ черты̀!
1830s	1	4	ADJ	Что на̀ми зрѝмая̀ приро̀да? -- бѐспреры̀вный
1830s	1	3	NOUN	Труд, ду̀хом вы̀шнего̀ живѝмый с вы̀соты̀!
1830s	1	4	NOUN	Что вѝдимы̀х вещѐй утра̀ты, во̀зрождѐнья?
1830s	1	5	NOUN	Повсю̀ду су̀щего̀ труда̀ прео̀бражѐнья,
1830s	1	2	NOUN	И жѝзнь моя̀, скорбѐй сосу̀д,
1830s	1	1	NOUN	Не ѐсть ли ду̀ха, пѐрсти тру̀д?
1830s	1	3	NOUN	Кто та̀йнымѝ сопря̀г стихѝи всѐ бразда̀ми,
1830s	1	2	NOUN	Как вса̀дник в по̀прищѐ вражду̀ющѝх конѐй,
1830s	1	3	NOUN	Кто тя̀готѐния̀ нетлѐннымѝ цепя̀ми
1830s	1	2	NOUN	Все со̀лнцы съѐдинѝл, как свѐтлый кру̀г детѐй,
1830s	1	4	ADJ	С землѐю нѐбеса̀ борѐньем бла̀года̀тным,
1830s	1	3	ADJ	И с су̀шею̀ моря̀ пита̀ниѐм возвра̀тным,
1830s	1	2	DET	И всѐ три ца̀рства дѐл своѝх
1830s	1	1	PRON	Войно̀ю, слу̀жбой, ну̀ждой ѝх, --
1830s	1	3	NOUN	Тот на̀стоя̀щего̀ в немно̀ги влѝл мгновѐнья
1830s	1	1	NOUN	Мину̀вших днѐй иску̀с, мечты̀ гряду̀щих лѐт,
1830s	1	3	NOUN	Тот -- вы̀шний -- да̀л во вла̀сть рабо̀ты ѝ терпѐнья
1830s	1	1	NOUN	И мѐру на̀ших бла̀г, и мѐру на̀ших бѐд;
1830s	1	4	NOUN	Тот вѐчну прю̀ возжѐг меж зло̀м и до̀брото̀ю,
1830s	1	3	NOUN	Тот стра̀сти о̀кова̀л взаѝмною̀ борьбо̀ю,
1830s	1	2	VERB	Поро̀ки со̀вестью̀ сразѝл,
1830s	1	2	NOUN	Бессмѐртьем -- у̀жасы̀ могѝл!
1830s	1	4	NOUN	Что ра̀дость? -- ро̀бкая̀ забо̀та на̀слаждѐнья!
1830s	1	2	NOUN	Что ско̀рбь? -- с надѐждою̀ вою̀ющѝй неду̀г!
1830s	1	4	NOUN	Что стра̀сти? -- ра̀зума̀ и во̀ли трѐволнѐнья,
1830s	1	1	NOUN	Меж го̀рним ѝ земны̀м рабо̀таю̀щий ду̀х!
1830s	1	4	NOUN	Труд ца̀рствуѐт вездѐ: чувств, мы̀слей во̀спита̀тель,
1830s	1	3	NOUN	Он гѐния̀ отѐц, бога̀тств его̀ стяжа̀тель;
1830s	1	1	NOUN	Где нѐт труда̀ -- огнь чу̀вств без сѝл!
1830s	1	1	NOUN	Высо̀кий у̀м -- орѐл без кры̀л!
1830s	1	3	NOUN	Рвись, за̀висть, ко̀вы стро̀й -- он змѐй попрѐт стопа̀ми;
1830s	1	2	PRON	Свирѐпствуй, нѝщета̀, -- мужа̀ет о̀н тобо̀й!
1830s	1	2	PRON	Хлад ду̀ш! Презрѐниѐ! растѐт, велѝкий, ва̀ми,
1830s	1	3	ADJ	И, по̀бедѝтель, мстѝт вам по̀льзой вѐково̀й!..
1830s	1	4	VERB	Труд, в ка̀плях па̀дая̀, гранѝты про̀бива̀ет,
1830s	1	4	VERB	Пронза̀ет нѐдра го̀р и бла̀та ѝссуша̀ет,
1830s	1	2	VERB	На ка̀мнях А̀льпов хлѐб растѝт
1830s	1	2	VERB	И в сѐрдце зло̀м добро̀ плодѝт.
1830s	1	3	ADJ	От сло̀ва -- со̀нм миро̀в вещѐственны̀х согла̀сный,
1830s	1	2	NOUN	Что ж нра̀вственны̀ миры̀?.. слия̀ния̀ словѐс!
1830s	1	3	ADJ	Язы̀к -- жизнь -- тру̀д умо̀в, -- повсѐмственны̀й, всевла̀стный
1830s	1	2	NOUN	Орга̀н зиждѝтельны̀х, всепра̀вящѝх небѐс!
1830s	1	3	ADJ	Труд в свѐтлом о̀бразѐ гармо̀ниѝ свящѐнной,
1830s	1	4	VERB	Нисшѐд, собра̀л зверѐй, род, свы̀ше о̀тличѐнный,
1830s	1	2	VERB	Подвѝг древа̀, кремѐнь возжѐг, --
1830s	1	3	NOUN	И вста̀л царь тва̀рей -- чѐловѐк!
1830s	1	3	NOUN	Сколь сла̀достно̀ труда̀ средѝ семѐйств явлѐнье!
1830s	1	3	NOUN	Он, ма̀терѝ любо̀вь, лелѐет ко̀лыбѐль;
1830s	1	4	NOUN	Он бу̀дит чу̀вствия̀, даѐт им на̀правлѐнье;
1830s	1	1	NOUN	Отца̀ испы̀тный у̀м, он ка̀жет по̀двиг, цѐль!
1830s	1	3	NOUN	Он здра̀виѐ, он стра̀ж; он прѝсный на̀ш хранѝтель;
1830s	1	4	NOUN	Он в дру̀ге вѐрном на̀м совѐтник, у̀тешѝтель,
1830s	1	1	NOUN	Безмѐздный, да̀ровѝтый бра̀т,
1830s	1	2	NOUN	Делѝтель ско̀рбей ѝ отра̀д!
1830s	1	2	NOUN	Атла̀нт, на ра̀мена̀х держа̀щий нѐба сво̀ды,
1830s	1	1	NOUN	Не тру̀д ли свѐсил гру̀з взаѝмностѐй и ну̀жд?
1830s	1	3	NOUN	Благо̀творя̀щий ду̀х, меж вла̀сти ѝ свобо̀ды
1830s	1	1	ADJ	Посрѐдник ѝ судья̀, коры̀сти, ра̀бства чу̀жд,
1830s	1	3	NOUN	Дал ца̀рствам, о̀бщества̀м он про̀чность, кру̀г, зако̀ны
1830s	1	2	NOUN	И, свы̀ше вдо̀хновѐн, воздвѝгнул гра̀ды, тро̀ны,
1830s	1	3	NOUN	Почтѐнный -- в сла̀ве а̀лтаря̀,
1830s	1	2	NOUN	Велѝкий -- в о̀бразѐ царя̀!
1830s	1	3	NOUN	Где пѐрвый слѐд ума̀, где пѐрвый пу̀ть позна̀ний,
1830s	1	2	VERB	И кто̀ -- измѐритѐль вселѐнныя̀ -- дерзнѐт
1830s	1	5	NOUN	Обня̀ть поля̀ его̀ побѐд, предна̀чина̀ний?
1830s	1	2	VERB	Он, са̀м себѐ чудя̀сь, отвѐта нѐ даѐт!
1830s	1	2	NOUN	Нау̀ки смѐлыя̀ мыслѝтельно̀е зда̀нье
1830s	1	3	NOUN	Объѐмлет цѐлый мѝр -- племѐн, веко̀в собра̀нье,
1830s	1	2	ADJ	Неру̀котво̀рный хра̀м свято̀й!
1830s	1	2	ADJ	Кто жрѐц твой, бо̀же? -- Тру̀д благо̀й!
1830s	1	4	NOUN	Времѐн Экклѐзиа̀ст, он в го̀рдых ма̀взолѐях,
1830s	1	2	NOUN	В разва̀лина̀х градо̀в, в падѐньи ца̀рств, царѐй,
1830s	1	3	NOUN	Любвѝ к отѐчеству̀ в негѝблющѝх трофѐях,
1830s	1	2	NOUN	В велѝчиѝ добро̀т, в ничто̀жествѐ страстѐй
1830s	1	4	VERB	Младо̀го гѐния̀ поры̀вы ѝскуша̀ет,
1830s	1	3	VERB	«Се! по̀весть дѐл твоѝх! Хвала̀ и сты̀д! -- веща̀ет. --
1830s	1	3	NOUN	Ты о̀бществ члѐн, ты гра̀жданѝн;
1830s	1	1	NOUN	Будь са̀м себѐ судьѐй, мой сы̀н!»
1830s	1	2	ADJ	Предста̀вь, как ты̀ вступѝл в сей мѝр, пришѐлец но̀вый,
1830s	1	1	NOUN	Слаб, бѐден, гла̀ден, на̀г, жива̀я жѐртва бѐд!
1830s	1	3	ADJ	Что ж встрѐтило̀ тебя̀? Покро̀в и до̀м гото̀вый;
1830s	1	2	VERB	На пѐрсях ты̀ любвѝ напѝтан ѝ согрѐт!
1830s	1	2	ADJ	Сшел а̀нгел с нѐбесѝ, сердца̀ми ро̀дших зрѝмый,
1830s	1	5	ADJ	И сѝлою̀ тебя̀ облѐк непо̀стижѝмой;
1830s	1	1	VERB	Зако̀н тебѐ во стра̀жа ста̀л
1830s	1	3	VERB	И пра̀в скрижа̀ли по̀дава̀л!
1830s	1	3	NOUN	Ужѐ младѐнчества̀ с невѝннымѝ игра̀ми
1830s	1	2	PRON	Резвя̀сь, без у̀мысла̀ ты у̀чишь са̀м себя̀;
1830s	1	3	NOUN	Там к сча̀стию̀ стезѝ наслѐдны прѐд оча̀ми;
1830s	1	2	PRON	Там сла̀вы хо̀р гремѝт; честь, до̀лг ведѐт тебя̀;
1830s	1	3	NOUN	Там, к ю̀ношѐ стремя̀сь, привѐтствую̀т нау̀ки;
1830s	1	2	NOUN	Там ца̀риѐ землѝ даю̀т друг дру̀гу ру̀ки
1830s	1	2	NOUN	За жѝзнь твою̀, за тво̀й поко̀й;
1830s	1	1	NOUN	Торго̀вля, про̀мысл, зна̀ний ро̀й
1830s	1	2	NOUN	По су̀ше ѝ моря̀м тебѐ прино̀сят да̀ни;
1830s	1	2	NOUN	Там зла̀то в да̀р тебѐ клубѝтся по̀ бразда̀м;
1830s	1	2	NOUN	Там гро̀зны за̀ тебя̀ кипя̀т с врага̀ми бра̀ни!
1830s	1	1	DET	Кто сдѐлал всё̀ сиѐ? И что̀ ты сдѐлал са̀м?
1830s	1	2	ADJ	Дерзнѐшь ли ты̀ ступѝть на пра̀х ного̀ю хла̀дной?
1830s	1	3	ADJ	То пра̀отцы̀ твоѝ! Пьешь во̀здух ты̀ отра̀дный?
1830s	1	2	PRON	То ѝх любо̀вь -- творѐц всего̀
1830s	1	3	DET	До дня̀ рождѐнья тво̀его̀!
1830s	1	3	VERB	О нра̀вственны̀х миро̀в божѐственно̀ светѝло!
1830s	1	2	NOUN	О бла̀года̀рность, ма̀ть общѐственны̀х связѐй!
1830s	1	4	VERB	Твоѐ внушѐниѐ зако̀ны у̀предѝло:
1830s	1	2	DET	Зако̀ны ро̀ждены̀, цвету̀т в душѐ твоѐй!
1830s	1	2	NOUN	Тебѐ поко̀рствую̀т пусты̀нь ливѝйских звѐри!
1830s	1	2	NOUN	Тебѐ ль затво̀рим мы̀ сердѐц холо̀дных двѐри?
1830s	1	1	VERB	Кто мо̀жет са̀м себѐ лишь жѝть,
1830s	1	1	VERB	В кругу̀ служѐний пра̀здным бы̀ть?
1830s	1	3	ADJ	Черто̀ги пра̀здностѝ возно̀сятся̀ блестя̀щи
1830s	1	2	NOUN	На пѐпле пла̀менѐм чрева̀тыя̀ горы̀,
1830s	1	4	VERB	Явля̀ются̀ сады̀ и ро̀щи го̀воря̀щи,
1830s	1	2	NOUN	Весѐлий ѝ заба̀в привѐтныѐ шатры̀;
1830s	1	4	NOUN	И зву̀ки сла̀дких лѝр, и пѐсни о̀больщѐнья ...
1830s	1	4	NOUN	Обма̀н! -- То всё̀ скорбѐй, неду̀гов о̀блачѐнья,
1830s	1	2	DET	Без тѐла тѐни лѝшь однѐ,
1830s	1	3	NOUN	Мрак в свѐте, бу̀ри в тѝшинѐ!
1830s	1	4	ADJ	Там о̀браз вѝдится̀ обѝлья нѐдвижѝмый;
1830s	1	1	VERB	Там, мѐртвый прѐдков блѐск разбра̀сыва̀я, зна̀ть
1830s	1	3	VERB	На пѐрсях лѐсти пьѐт сон дря̀хлостѝ томѝмый;
1830s	1	1	NOUN	Само̀надѐяньѐ там кра̀дет днѝ, как та̀ть;
1830s	1	2	NOUN	Кова̀рная̀ хвала̀ обрѐзыва̀ет кры̀лья
1830s	1	3	NOUN	Паря̀щему̀ птенцу̀; злой су̀д мертвѝт усѝлья;
1830s	1	1	NOUN	Станѝцы ѝгр, утѐх и нѐг
1830s	1	1	NOUN	На тѐмя в ро̀зах сѐют снѐг!
1830s	1	2	NOUN	Враг до̀лга -- вра̀г себѐ, дань мстѝтельно̀го ро̀ка!
1830s	1	1	NOUN	Наро̀дных хѝщник бла̀г, семѐйств и о̀бществ я̀д,
1830s	1	3	NOUN	Развра̀та ра̀б, стремя̀сь к поро̀ку о̀т поро̀ка,
1830s	1	1	NOUN	Он ка̀знь свою̀ плодѝт и стра̀ждет в ча̀дах ча̀д!
1830s	1	5	NOUN	О тру̀д, бесцѐнный тру̀д, небѐс благо̀словѐнье!
1830s	1	4	NOUN	Свобо̀да, чѐсть, поко̀й, ты на̀ше на̀слаждѐнье!
1830s	1	2	DET	Ты сча̀стлив мѐтою̀ своѐй:
1830s	1	2	NOUN	Жить в свѐтлой па̀мятѝ людѐй!
1830s	1	3	NOUN	Без мѐты, го̀рнимѝ объѐмлемо̀й душа̀ми,
1830s	1	3	NOUN	Всяк по̀двиг смѐртных зло̀, плод го̀рький су̀еты̀!
1830s	1	4	NOUN	Престу̀пная̀ земля̀, вражду̀я с нѐбеса̀ми,
1830s	1	1	PRON	Нерѐдко злы̀х сыно̀в воо̀ружа̀ла ты̀!
1830s	1	2	NOUN	Тита̀ны во̀сстаю̀т; на го̀ры ста̀вят го̀ры,
1830s	1	3	NOUN	Вою̀ет о̀гнь, вода̀, кипя̀т стихѝй раздо̀ры;
1830s	1	3	NOUN	До звѐзд рог по̀днял Ва̀вило̀н;
1830s	1	1	PRON	Но бо̀г воззрѐл -- и гдѐ же о̀н?..
1830s	1	2	NOUN	Куда̀ стремѝшь полѐт, неѝстовы̀й сын сла̀вы?
1830s	1	3	NOUN	Неѝссяка̀емы̀й в кова̀рствах ѝсполѝн!
1830s	1	3	NOUN	Паду̀т окрѐст тебя̀ и тро̀ны, ѝ держа̀вы;
1830s	1	2	ADJ	На гру̀дь зако̀на ста̀в, речѐшь ты: «Я̀ едѝн!
1830s	1	3	NOUN	Коры̀сть и жѐртва мнѐ, терза̀йтеся̀, наро̀ды!
1830s	1	2	NOUN	Облѐй всю зѐмлю, кро̀вь, как в дѐнь пото̀па во̀ды,
1830s	1	2	NOUN	И я̀, оскла̀бяся̀ чело̀м,
1830s	1	2	NOUN	Ужа̀сным во̀знесу̀сь трудо̀м!»
1830s	1	3	PRON	Напра̀сно! Зло̀бы ра̀б крушѝтся са̀м собо̀ю,
1830s	1	2	NOUN	Всегу̀бящѝй вулка̀н в своѝх горѝт огня̀х!
1830s	1	4	NOUN	Он ру̀хнет, со̀бственно̀й разда̀влен тя̀гото̀ю!
1830s	1	3	NOUN	Что ж вѐк, истра̀ченны̀й в крамо̀лах, су̀ета̀х?
1830s	1	4	NOUN	Что ж бѐспреры̀вныѐ алка̀нья ѝсступлѐнья?
1830s	1	3	NOUN	Что пра̀ху зо̀лота̀ позо̀рныѐ служѐнья?
1830s	1	1	VERB	Крез в жѝзни мѝг едѝный зна̀л,
1830s	1	3	VERB	Когда̀ Соло̀на прѝзыва̀л!
1830s	1	3	NOUN	Слепы̀е! мнѝте вы̀ -- о, жа̀лкоѐ мечта̀нье! --
1830s	1	1	NOUN	Вы мнѝте, тя̀жких кля̀тв око̀ванны̀е мгло̀й,
1830s	1	5	NOUN	Для свѐта вы̀расть вно̀вь, продлѝть сущѐствова̀нье
1830s	1	2	ADJ	В грома̀дах пѝрамѝд и в пы̀шностѝ немо̀й!
1830s	1	3	VERB	Не ва̀ши прѝзракѝ из сѝх гробнѝц исхо̀дят;
1830s	1	2	VERB	Нет! -- тѐни мщѐния̀ окрѐст их гро̀зно бро̀дят,
1830s	1	3	NOUN	И во̀ет в мѐртвой пу̀стотѐ
1830s	1	2	NOUN	Стон ты̀сяч па̀дших в снѐдь тщетѐ!
1830s	1	2	NOUN	Труд чѐстный бла̀га всѐ, не ку̀пленны̀е стра̀стью,
1830s	1	2	NOUN	Посрѐдственно̀сти да̀л. Он ра̀тая̀ семьѐ
1830s	1	2	NOUN	Откры̀л ближа̀йший пу̀ть к свято̀й свобо̀де, к сча̀стью;
1830s	1	3	NOUN	В свет го̀рний му̀дрого̀ облѐк он бы̀тиѐ!
1830s	1	2	NOUN	Всяк мѝрный гра̀жданѝн, трудя̀йся пра̀вде, бо̀гу,
1830s	1	3	ADJ	Живо̀й совѐт, примѐр, друг нѝщу ѝ убо̀гу,
1830s	1	1	NOUN	Цветѐт и по̀ зака̀те днѐй
1830s	1	2	NOUN	Благо̀словѐниѐм людѐй!
1830s	1	3	ADJ	Где зна̀менѝя дѐл, землѐ, творцу̀ любѐзных!
1830s	1	2	NOUN	Пожа̀рского̀ коло̀сс -- спасѐнный Крѐмль, престо̀л;
1830s	1	3	ADJ	Демѝдова̀ хвала̀ -- сады̀ нау̀к полѐзных;
1830s	1	1	ADJ	Гроб Шѐремѐтева̀ -- целѐнье ско̀рбей, зо̀л!
1830s	1	3	NOUN	Петр ды̀шит, жѝв в тебѐ, велѝкая̀ Россѝя!
1830s	1	3	ADJ	Ека̀терѝна в ва̀с -- зако̀н, права̀ святы̀е!
1830s	1	2	NOUN	Евро̀па, ты̀ в уро̀к века̀м
1830s	1	1	NOUN	Благ А̀лекса̀ндра вѐчный хра̀м!
1830s	1	3	VERB	Пусть злы̀е лю̀ди венѐц сплета̀ют,
1830s	1	2	PRON	Оста̀вим ѝх самѝх с собо̀й;
1830s	1	4	VERB	А на̀ши ду̀ши во̀злета̀ют
1830s	1	2	ADJ	К небѐсной ѝстинѐ свято̀й!
1830s	1	3	ADJ	Пролѐйся в сѐрдце о̀гнь небѐсный!
1830s	1	2	DET	Коснѝсь, настро̀й псалтѝрь мою̀.
1830s	1	4	ADJ	На го̀лос му̀зам нѐизвѐстный
1830s	1	2	VERB	Любвѝ Христо̀вой пѐснь пою̀!
1830s	1	4	ADJ	Но что̀ мне в пѐсне го̀лосѝстой,
1830s	1	1	NOUN	Хотя̀ б в ней а̀нгельскѝй был гла̀с,
1830s	1	2	ADJ	Когда̀ ого̀нь любвѝ сей чѝстой
1830s	1	2	VERB	В душѐ моѐй совсѐм уга̀с!
1830s	1	2	ADJ	Мне пѐснь не да̀ст той жѝзни вѐчной,
1830s	1	2	VERB	Кото̀рую̀ любо̀вь даѐт.
1830s	1	4	ADJ	Как зву̀к кимва̀ла ско̀ротѐчный,
1830s	1	2	VERB	Так пѐснь разда̀стся ѝ умрѐт.
1830s	1	3	ADJ	Что по̀льзы в ра̀зумѐ высо̀ком?
1830s	1	2	NOUN	Что мнѐ в позна̀ниѝ небѐс?
1830s	1	2	NOUN	К чему̀ мне зрѐть прему̀дрым о̀ком
1830s	1	2	NOUN	Всю свя̀зь бесчѝсленны̀х чудѐс?
1830s	1	4	NOUN	Что бѐз любвѝ все со̀зерца̀нья?
1830s	1	2	NOUN	К чему̀ мне зна̀ть судѐб зако̀н?
1830s	1	3	NOUN	Без нѐй высо̀киѐ позна̀нья
1830s	1	1	NOUN	Суть то̀лько прѝзрак, пра̀х и со̀н!
1830s	1	2	NOUN	Хотя̀ б чрез мо̀щной вѐры сѝлы
1830s	1	3	VERB	Я ка̀мни в во̀ду прѐтворя̀л,
1830s	1	3	NOUN	Хотя̀ бы мѐртвых ѝз могѝлы
1830s	1	3	VERB	По гла̀су вѐры вы̀зыва̀л,
1830s	1	3	ADJ	Хотя̀ бы го̀р хребты̀ высо̀ки
1830s	1	3	VERB	Едѝным сло̀вом ко̀леба̀л,
1830s	1	3	NOUN	Иль, о̀браща̀я вспя̀ть пото̀ки,
1830s	1	4	VERB	Я со̀лнца бѐг оста̀новля̀л!
1830s	1	3	ADJ	Но что̀ мне в то̀м, коль о̀гнь любо̀вный,
1830s	1	2	NOUN	В послѐдний о̀ный дѐнь суда̀,
1830s	1	3	ADJ	Не во̀скресѝт мой тлѐн грехо̀вный
1830s	1	3	ADV	К небѐсной жѝзни на̀всегда̀!
1830s	1	3	NOUN	Хотя̀ б стяжа̀ния̀ презрѝтель
1830s	1	3	VERB	Бога̀тства нѝщим ра̀сточа̀л,
1830s	1	3	NOUN	Иль вѐры сво̀ея̀ ревнѝтель
1830s	1	3	VERB	В око̀вы тѐло за̀ключа̀л!
1830s	1	3	ADJ	Но ѐсли по̀двиго̀в высо̀ких
1830s	1	2	NOUN	Не ѐсть исто̀чнико̀м любо̀вь,
1830s	1	3	ADJ	Вотщѐ б в мучѐния̀х жесто̀ких
1830s	1	1	NOUN	Я про̀лива̀л холо̀дну кро̀вь!
1830s	1	4	ADJ	Любо̀вь с кичѐньем нѐзнако̀ма,
1830s	1	2	ADJ	Для са̀молю̀бия̀ чужда̀;
1830s	1	3	NOUN	Одно̀ю про̀стото̀й ведо̀ма,
1830s	1	2	NOUN	Не зна̀ет го̀рдостѝ следа̀;
1830s	1	4	VERB	К стяжа̀ньям ру̀к не про̀стира̀ет,
1830s	1	3	DET	Кова̀рств не зна̀ет нѝкакѝх,
1830s	1	2	VERB	Враго̀в по ѝменѝ лишь зна̀ет,
1830s	1	1	PRON	Чтобы̀ молѝться ѝ за нѝх.
1830s	1	2	VERB	Сердца̀ другѝх собо̀ю мѐрит,
1830s	1	3	VERB	Творцу̀ всю ду̀шу прѐдаѐт,
1830s	1	2	VERB	Всего̀ надѐется̀ и вѐрит
1830s	1	1	VERB	И бла̀года̀рны слѐзы льѐт.
1830s	1	3	NOUN	Она̀ не вѐдаѐт прегра̀ды,
1830s	1	2	VERB	Не зна̀ет, гдѐ конѐц -- любѝть;
1830s	1	3	NOUN	И са̀мый вѐрх для нѐй награ̀ды
1830s	1	3	VERB	За блѝжних ду̀шу по̀ложѝть.
1830s	1	4	ADJ	Всегда̀ кротка̀ и спра̀ведлѝва,
1830s	1	2	ADJ	Без ма̀лоду̀шия̀ -- скромна̀,
1830s	1	5	ADJ	Без дѐрзостѝ -- правдо̀любѝва,
1830s	1	2	ADJ	Без чѐстолю̀бия̀ -- славна̀;
1830s	1	3	ADJ	Собо̀ю жѐртвова̀ть гото̀ва
1830s	1	2	DET	В споко̀йной рѐвностѝ своѐй,
1830s	1	4	DET	Не зна̀я стра̀ха нѝкако̀го,
1830s	1	2	NOUN	Идѐт небѐсною̀ стезѐй.
1830s	1	4	VERB	Ей тё̀рн путѐй не прѐгражда̀ет,
1830s	1	2	NOUN	Идѐт на вы̀соту̀ стремнѝн,
1830s	1	4	VERB	Стремнѝн, кото̀рых у̀жаса̀ет
1830s	1	2	DET	Холо̀дны ду̀ши вѝд одѝн.
1830s	1	2	NOUN	Тако̀в твой пу̀ть, царѝца мѝра,
1830s	1	1	NOUN	Тако̀в твоѝх дея̀ний пло̀д,
1830s	1	3	NOUN	Тако̀в твой с ра̀йского̀ эмпѝра
1830s	1	2	NOUN	Благо̀творѝтелѐн прихо̀д!
1830s	1	4	VERB	Так о̀гнь твой ду̀ши ра̀спаля̀ет,
1830s	1	2	VERB	Так вѐрных ча̀д твоѝх живѝт,
1830s	1	3	VERB	Так всѐ сердца̀ в одно̀ слива̀ет
1830s	1	2	VERB	И мо̀рем ра̀достѝ поѝт!
1830s	1	2	NOUN	Когда̀ паду̀т небѐсны сво̀ды,
1830s	1	2	VERB	Время̀ в послѐдний ра̀з вздохнѐт,
1830s	1	3	NOUN	И с у̀мира̀ющѐй приро̀ды
1830s	1	2	VERB	Одѐжды тлѐнныѐ сорвѐт,
1830s	1	2	NOUN	Когда̀ исчѐзнет о̀бласть вѐры,
1830s	1	2	VERB	Покро̀в гада̀ния̀ спадѐт,
1830s	1	3	NOUN	Прейду̀т нару̀жных дѐл примѐры,
1830s	1	2	VERB	Тогда̀ звезда̀ твоя̀ взойдѐт.
1830s	1	3	ADV	В душа̀х очѝщенны̀х светлѐе
1830s	1	1	DET	Зажжѐт сердца̀ -- и пла̀мень тво̀й,
1830s	1	3	ADJ	Горя̀ яснѐе ѝ яснѐе,
1830s	1	2	NOUN	Пребу̀дет всѐх небѐс душо̀й!
1830s	1	3	NOUN	Предста̀вь, как брѐнныѐ созда̀нья
1830s	1	3	VERB	Послѐдний а̀нгел ѝстребѝт ...
1830s	1	4	NOUN	И на̀ оста̀тках мѝрозда̀нья
1830s	1	2	VERB	Одна̀ в венцѐ любо̀вь стоѝт!
1830s	1	3	NOUN	Оду̀шевѝ, о ду̀ш царѝца!
1830s	1	2	VERB	И на̀учѝ меня̀ любѝть,
1830s	1	2	NOUN	Наста̀вь не зрѐть меня̀ на лѝца
1830s	1	2	VERB	И ѝстину̀ во всѐм хранѝть!
1830s	1	3	NOUN	Устро̀й, чтоб жѝзни сѐй стремнѝну
1830s	1	1	VERB	В влады̀чествѐ твоѐм я жѝл.
1830s	1	3	NOUN	И сла̀достѐй твоѝх в пучѝну
1830s	1	2	ADV	Ты по̀грузѝ меня̀ вовѐк!
1830s	1	2	NOUN	Друзья̀, есть Бо̀г, есть на̀ше сча̀стье
1830s	1	3	NOUN	Не в здѐшнем мѝре, в нѐбеса̀х,
1830s	1	2	NOUN	Бог в стра̀ждущѝх живѐт душа̀х.
1830s	1	3	NOUN	Пройдѐт мгновѐнноѐ нена̀стье,
1830s	1	1	NOUN	Чтоб на̀м явѝть светлѐе дѐнь,
1830s	1	2	NOUN	Когда̀ дойдѐт до жда̀нной мѐты,
1830s	1	1	NOUN	Как рѐзкая̀ в картѝне тѐнь
1830s	1	3	NOUN	Броса̀ет жѝвость на̀ предмѐты
1830s	1	2	ADJ	И кра̀ски вы̀даѐт яснѐй.
1830s	1	3	ADJ	Ита̀к, друзья̀ моѝ любѐзны,
1830s	1	4	ADJ	Оста̀вим ро̀пот бѐсполѐзный.
1830s	1	2	NOUN	У Да̀рода̀теля̀ людѐй
1830s	1	3	NOUN	Испро̀сим к по̀двига̀м терпѐнья,
1830s	1	3	VERB	Надѐждой ду̀ши о̀живё̀м,
1830s	1	3	NOUN	Доко̀ле в вѐчныѐ селѐнья
1830s	1	2	VERB	Душо̀й свобо̀дной нѐ взойдѐм.
1830s	1	2	NOUN	Блажѐн, кто в сѐй землѐ страстѐй
1830s	1	2	NOUN	На нѝвах сѐрдца сѐял слѐзы,
1830s	1	3	NOUN	Тому̀ ни бу̀ри, нѝ моро̀зы
1830s	1	3	VERB	В день жа̀твы то̀й не по̀вредя̀т;
1830s	1	3	VERB	Но к но̀вой жѝзни во̀звратя̀т
1830s	1	2	NOUN	В скорбя̀х посѐянны̀е слѐзы.
1830s	1	1	PRON	Вы нѐ печа̀льтесь о̀бо мнѐ,
1830s	1	3	NOUN	Друзья̀ мне сѐрдцем ѝ душо̀ю;
1830s	1	3	NOUN	Я нѐзнако̀м ещѐ с тоско̀ю,
1830s	1	2	NOUN	Живя̀ изгна̀ннико̀м в странѐ;
1830s	1	3	ADV	Благо̀дарю̀ Творца̀ стокра̀тно,
1830s	1	3	PRON	Не жа̀жду в мѝре нѝчего̀,
1830s	1	4	ADV	И прѐдаю̀ся бѐзвозвра̀тно
1830s	1	2	DET	Я в мѝлосѐрдиѐ Его̀.
1830s	1	3	NOUN	И лѝшь о ва̀с трево̀га --
1830s	1	2	NOUN	Лишь о̀дного̀ прошу̀ у Бо̀га,
1830s	1	1	PRON	Чтобы̀ споко̀йны бы̀ли вы̀;
1830s	1	2	NOUN	А я̀ из да̀льней сѐй страны̀,
1830s	1	3	NOUN	Испо̀лняся̀ свято̀й отва̀ги,
1830s	1	3	NOUN	Оду̀шевлю̀ сей лѝст бума̀ги,
1830s	1	3	VERB	Сыно̀вним чу̀вством на̀пою̀;
1830s	1	2	VERB	На мѝлу ро̀дину̀ пошлю̀,
1830s	1	2	DET	Тем у̀сладѝв разлу̀ку на̀шу,
1830s	1	2	NOUN	И в ва̀шу го̀рестну̀ю ча̀шу
1830s	1	2	VERB	Хоть ка̀плю ра̀достѝ волью̀.
1830s	1	2	NOUN	Христо̀с ражда̀ется̀ -- наро̀ды! сла̀вьте с клѝком,
1830s	1	2	NOUN	Христо̀с нисшѐл с небѐс -- срета̀йте о̀бщим лѝком,
1830s	1	2	NOUN	Христо̀с в странѐ земно̀й -- несѝтесь вы̀спрь умо̀м;
1830s	1	3	ADV	Христа̀ возвѐлича̀й, вселѐнная̀! вовѐки,
1830s	1	4	NOUN	Христа̀ в весѐлиѝ воспо̀йте, чѐловѐки!
1830s	1	2	ADJ	Христо̀с просла̀вился̀ в рождѐниѝ само̀м.
1830s	1	3	NOUN	Бог Сло̀во! Сы̀н Отца̀! Незрѝмаго̀ зерца̀ло!
1830s	1	3	NOUN	Твоѐ во врѐменѝ, Превѐчный! ро̀ждество̀
1830s	1	4	VERB	Свет бо̀гозна̀ния̀ вселѐнной во̀ссия̀ло,
1830s	1	3	NOUN	И вѐры Тво̀ея̀ наста̀ло то̀ржество̀:
1830s	1	4	VERB	Тогда̀, ея̀ лучѐм, чудѐсно про̀свящѐнны,
1830s	1	2	NOUN	Учѝлись о̀т звезды̀ покло̀нникѝ звезда̀м,
1830s	1	3	VERB	От бу̀йства ѝсхитѝв умы̀ своѝ прельщѐнны,
1830s	1	2	NOUN	По но̀вым шѐствова̀ть к прему̀дростѝ следа̀м,
1830s	1	2	ADJ	И кла̀няться̀ Тебѐ, о Со̀лнце пра̀вды вѐчной!
1830s	1	3	NOUN	И зна̀ть Тебя̀ и чтѝть, Восто̀к от вы̀соты̀!
1830s	1	3	ADJ	Госпо̀дь! склонѝсь и к на̀м -- и да̀р хвалы̀ сердѐчной
1830s	1	3	NOUN	От на̀шей прѝимѝ словѐсной нѝщеты̀.
1830s	1	3	NOUN	Сидя̀щий в нѐбеса̀х на пла̀менно̀м престо̀ле,
1830s	1	3	ADJ	С Отцѐм, Царѐм веко̀в, и с Ду̀хом всѐблагѝм,
1830s	1	2	NOUN	О Сло̀во Ѝису̀с! Ты Са̀м сошѐл по во̀ле
1830s	1	2	DET	К словѐсным на̀ землѝ созда̀ния̀м Твоѝм,
1830s	1	2	NOUN	Отпа̀дшим о̀т Твоѐй превы̀спреннѝя сла̀вы
1830s	1	2	ADV	И в бѐздну па̀губы̀ низвѐргшимся̀ навѐк:
1830s	1	3	NOUN	Сошѐл -- и ѐстества̀ препо̀бедѝв уста̀вы,
1830s	1	3	NOUN	От Дѐвы чѝстыя̀ родѝлся чѐловѐк;
1830s	1	3	NOUN	Да грѐшнико̀в-рабо̀в, ражда̀емы̀х жена̀ми,
1830s	1	2	NOUN	К блажѐнству во̀зродѝшь, Спасѝтель ѝ Госпо̀дь!
1830s	1	4	NOUN	Повѝтиѐ прия̀л, Младѐнец, пѐлена̀ми,
1830s	1	1	NOUN	Безгрѐшную̀ подвѐрг обрѐзанѝю пло̀ть;
1830s	1	4	ADJ	По смѐртной Ма̀терѝ, Сын Бо̀жий, о̀смоднѐвный!
1830s	1	2	NOUN	Нача̀ла нѐ иму̀щ по вѐчному̀ Отцу̀!
1830s	1	3	ADJ	К Тебѐ мы с вѐрою̀ возно̀сим гла̀с душѐвный:
1830s	1	2	NOUN	Ты Бо̀г наш! -- ѝ Тебѐ мы слу̀жим, тва̀рь Творцу̀!
1830s	1	2	NOUN	Ты на̀с помѝлова̀в извѐл из тьмы̀ ко свѐту,
1830s	1	2	NOUN	Ты мѝлуя̀ хранѝ в путѝ Твоѝх словѐс;
1830s	1	3	NOUN	О! сла̀ва Тво̀ему̀ смотрѐнию̀, совѐту!
1830s	1	2	NOUN	О! сла̀ва Тво̀ему̀ сошѐствию̀ с небѐс!
1830s	1	4	NOUN	Крестя̀щуся̀ Тебѐ, Госпо̀дь! во Ѝорда̀не,
1830s	1	2	NOUN	Да в о̀святѝтельно̀й воды̀ и Ду̀ха ба̀не
1830s	1	3	NOUN	Омо̀ешь о̀т греха̀ словѐсных ѐстество̀,
1830s	1	3	NOUN	В трех Лѝцах чтѝмоѐ явѝлось Бо̀жество̀:
1830s	1	3	NOUN	Отѐц невѝдимы̀й, Сый, вся̀ческѝх Причѝна,
1830s	1	2	NOUN	Тебя̀ прово̀згласѝл, возлю̀бленно̀го Сы̀на;
1830s	1	3	NOUN	И в вѝде го̀лубя̀, примѐра чѝстоты̀,
1830s	1	3	NOUN	Дух Бо̀жий на̀ Тебя̀ слетѐв от вы̀соты̀,
1830s	1	2	NOUN	Нело̀жность у̀твердѝл Отѐческа̀го сло̀ва.
1830s	1	3	NOUN	Ты мѝру в о̀блакѐ телѐсного̀ покро̀ва
1830s	1	1	NOUN	Явѝлся, Свѐт святы̀й! разгна̀л грехо̀вну мглу̀,
1830s	1	2	NOUN	И вѐрой свѐтлый мѝр гласѝт Твою̀ хвалу̀.
1830s	1	3	NOUN	Ко гла̀су Ты̀ пришѐл, гремя̀щему̀ в пусты̀ни:
1830s	1	3	NOUN	«Гото̀вьте Вы̀шнему̀ путь пра̀вды ѝ святы̀ни!»
1830s	1	3	NOUN	Женѝх словѐсных ду̀ш! ко дру̀гу Жѐниха̀,
1830s	1	2	NOUN	Крещѐния̀ прося̀ не вѐдущѝй греха̀,
1830s	1	3	NOUN	Вид ра̀бский во̀сприя̀в, Госпо̀дь всея̀ приро̀ды!
1830s	1	2	NOUN	Увѝделѝ Тебя̀, и у̀боя̀лись во̀ды;
1830s	1	2	NOUN	И трѐпетѐн воззва̀л муж, по̀сланны̀й Творцѐм,
1830s	1	2	NOUN	Муж-а̀нгел, прѐд Твоѝм предшѐствова̀ть лицѐм:
1830s	1	4	ADJ	Как Свѐта про̀светѝт светѝльник нѐпримѐтный?
1830s	1	3	ADJ	Как ру̀ку на̀ Царя̀ поло̀жит ра̀б нищѐтный?
1830s	1	1	NOUN	Ты взѐмлешь мѝра грѐх, спаса̀ешь смѐртных ро̀д,
1830s	1	1	NOUN	Святы̀й! Ты о̀святѝ меня̀ и бѐздну во̀д.
1830s	1	3	NOUN	Царь сла̀вы, сла̀вимы̀й небѐсных сѝл чина̀ми,
1830s	1	4	NOUN	И а̀нгельскѝх князѐй носѝмый ра̀мена̀ми,
1830s	1	1	DET	Зако̀ну по̀коря̀сь, Зако̀нода̀тель Са̀м
1830s	1	1	NOUN	Днесь до̀лу, О̀троча̀, прино̀сится̀ во хра̀м,
1830s	1	3	NOUN	Бог нѐба -- во̀ Свою̀ назѐмную̀ обѝтель,
1830s	1	4	NOUN	С иску̀пом за̀ Себя̀ -- вселѐнной Ѝскупѝтель.
1830s	1	2	NOUN	Держа̀щий, Двѝжущѝй светѝла в ѝх круга̀х,
1830s	1	2	NOUN	Держѝм, поко̀ится̀ на ста̀рческѝх рука̀х,
1830s	1	3	ADJ	На тро̀не Сво̀его̀ смирѐния̀ смирѐнном;
1830s	1	2	ADJ	И о̀т Ио̀сифа̀, как Бо̀г и в тѐле брѐнном,
1830s	1	2	NOUN	Как вѐчный пѐрвенѐц Созда̀вшаго̀ миры̀,
1830s	1	2	NOUN	Приѐмлет жѐртвенны̀, таѝнственны̀ дары̀:
1830s	1	2	VERB	Приѐмлет го̀рлиц дву̀х -- чету̀ взаѝмно вѐрну,
1830s	1	3	ADJ	В ней -- Цѐрковь мѝрную̀, незло̀биву̀, несквѐрну,
1830s	1	2	NOUN	В кото̀рой вѐрою̀ спряга̀ются̀ в любо̀вь
1830s	1	1	NOUN	И лю̀ди Бо̀жиѝ, Изра̀илѐва кро̀вь,
1830s	1	5	ADJ	И о̀т язы̀чнико̀в наро̀д ново̀святѝмый;
1830s	1	3	ADJ	Двух го̀лубя̀ птенцо̀в -- как ѝстинны̀й, всечтѝмый,
1830s	1	2	NOUN	Завѐта вѐтхого̀ и но̀вого̀ Творѐц.
1830s	1	2	NOUN	Днесь о̀беща̀ния̀ небѐсного̀ конѐц
1830s	1	4	NOUN	Приѐмля, Сѝмео̀н с восто̀ргом о̀ткровѐний
1830s	1	5	NOUN	Мать-Дѐву у̀венча̀л венцѐм благо̀словѐний,
1830s	1	2	VERB	Рождѐнного̀ из Нѐй страда̀ния̀ предрѐк,
1830s	1	1	NOUN	К Рождѐнному̀ воззва̀л, конча̀я до̀лгий вѐк:
1830s	1	3	ADJ	Влады̀ка! прѐклонѝсь к мольбѐ моѐй усѐрдной,
1830s	1	2	ADJ	И ны̀не ра̀зрешѝ мой ду̀х от пло̀ти смѐртной,
1830s	1	2	NOUN	Как прѐжде Тво̀ему̀ обѐтова̀л рабу̀.
1830s	1	2	NOUN	Ужѐ я на̀ землѝ свершѝл мою̀ судьбу̀;
1830s	1	3	NOUN	Ужѐ Тебя̀ узрѐл примра̀чнымѝ оча̀ми
1830s	1	3	NOUN	О Свѐт, сия̀ющѝй превѐчнымѝ луча̀ми!
1830s	1	3	NOUN	Спасѝтель ѝ Госпо̀дь словѐсных ѐстества̀,
1830s	1	3	NOUN	В Тебѐ пома̀занны̀х елѐем Бо̀жества̀!
1830s	1	2	NOUN	Ты ны̀не на̀ горѐ, Мессѝя ѝ Госпо̀дь!
1830s	1	1	NOUN	Свою̀ прео̀бразѝл бого̀приѝмну пло̀ть,
1830s	1	3	NOUN	Дав пѐрстному̀ еѐ блеск со̀лнечны̀й соста̀ву;
1830s	1	2	NOUN	Твоѝм учѐника̀м Твою̀ явля̀я сла̀ву,
1830s	1	2	NOUN	Не всю̀ -- но вмѐстную̀ для брѐнных ѝх очѐй.
1830s	1	2	NOUN	Едѝный ѝз Твоѝх бесчѝсленны̀х лучѐй
1830s	1	3	VERB	И на̀м да во̀зблестѝт во тьмѐ греха̀ сидя̀щим;
1830s	1	3	ADJ	И вно̀вь да со̀творѝт добро̀тамѝ блестя̀щим
1830s	1	3	NOUN	Помѐркшеѐ во злѐ душ на̀ших ѐстество̀.
1830s	1	3	NOUN	Тебѐ, о свѐтов Свѐт! честь, сла̀ва, то̀ржество̀!
1830s	1	2	ADJ	Словѐсным бы̀тиѐ проо̀бразу̀я но̀во,
1830s	1	2	NOUN	Твоѐ воста̀ниѐ из мѐртвых -- Бо̀же Сло̀во!
1830s	1	3	NOUN	Возшѐл Ты на̀ Фаво̀р, над зы̀би о̀блако̀в,
1830s	1	4	NOUN	С избра̀нной тро̀ицѐй Твоѝх учѐнико̀в,
1830s	1	4	NOUN	С Петро̀м, с Иа̀ково̀м, и с дру̀гом Ѝоа̀нном;
1830s	1	5	ADJ	И вдру̀г в велѝчиѝ предста̀в бого̀сия̀нном,
1830s	1	2	NOUN	Дал ѝм вкусѝть восто̀рг верхо̀вного̀ добра̀.
1830s	1	2	NOUN	Вдруг свѐтом о̀блекла̀сь Фаво̀рская̀ гора̀;
1830s	1	4	ADJ	И нѐмощны̀ взира̀ть на о̀браз бо̀гому̀жный,
1830s	1	3	ADJ	На о̀тблеск Бо̀жества̀ сокры̀того̀ нару̀жный,
1830s	1	1	NOUN	Лицѐм учѐникѝ повѐрглися̀ во пра̀х;
1830s	1	1	NOUN	И го̀рних слу̀г Твоѝх объя̀л свящѐнный стра̀х,
1830s	1	2	ADJ	И с твѐрдью по̀тряслѝсь высо̀ки сво̀ды звѐздны,
1830s	1	2	NOUN	И мѝра до̀льнего̀ вострѐпета̀ли бѐздны,
1830s	1	1	NOUN	И вся̀, во у̀жасѐ, воско̀леба̀лась тва̀рь,
1830s	1	1	NOUN	Зря в тѐле на̀ землѝ Тебя̀, о сла̀вы Ца̀рь!
1830s	1	3	NOUN	Ты прѐжде Тво̀его̀ в страда̀ния̀х исхо̀да,
1830s	1	2	NOUN	О во̀скресѐниѝ всео̀бщем смѐртных ро̀да
1830s	1	2	NOUN	Преду̀веря̀я Са̀м назѐмныѐ умы̀,
1830s	1	1	X	Сын Бо̀жий! Ла̀заря̀ воздвѝг из смѐртной тмы̀,
1830s	1	3	NOUN	Воззва̀ниѐм воздвѝг затлѐвшаго̀ в могѝле.
1830s	1	2	NOUN	И днѐсь, мы о̀ Твоѐй хваля̀сь держа̀вной сѝле,
1830s	1	2	DET	Как о̀трокѝ тогда̀, в святѝлищѐ Твоѐм,
1830s	1	3	VERB	Побѐды зна̀менья̀ нося̀щи во̀пиѐм,
1830s	1	4	NOUN	Привѐтствуя̀ Тебя̀, о смѐрти По̀бедѝтель!
1830s	1	4	NOUN	От ра̀бства тлѐнию̀ всей тва̀ри Сво̀бодѝтель!
1830s	1	2	VERB	Оса̀нна в нѐбеса̀х! благо̀словѐн Гряды̀й
1830s	1	2	ADJ	Во ѝмя Го̀спода̀ Изра̀илѐв Святы̀й!
1830s	1	4	ADJ	Днесь, Бо̀га ѝ Отца̀ Сын-Сло̀во ра̀вновѐчный,
1830s	1	2	NOUN	Ему̀ же -- нѐбо тро̀н, подно̀жиѐ земля̀,
1830s	1	4	ADJ	Своѝм велѝчиѐм и сла̀вой бѐсконѐчный,
1830s	1	4	VERB	Себя̀ для грѐшнико̀в смирѝть благо̀воля̀,
1830s	1	3	NOUN	На ско̀тиѐ жребя̀ возсѐл, Творѐц приро̀ды,
1830s	1	2	NOUN	Да по̀двиг со̀вершѝт спасѐния̀ людѐй;
1830s	1	3	NOUN	И срѐтилѝ Его̀ лику̀ющѝ наро̀ды;
1830s	1	2	NOUN	И со̀нмы ра̀достны̀ бесхѝтростны̀х детѐй,
1830s	1	3	NOUN	От ѝскреннѝх сердѐц, нельстѝвымѝ уста̀ми,
1830s	1	2	NOUN	Хвалѝли хва̀льнаго̀ Содѐтеля̀ чудѐс.
1830s	1	3	NOUN	И мы̀, о вѐрныѐ! словѐснымѝ цвета̀ми
1830s	1	2	NOUN	Ему̀ усы̀плем пу̀ть, Сходя̀щему̀ с небѐс;
1830s	1	3	NOUN	Изра̀иль но̀вый вѐсь, вся Цѐрковь о̀т язы̀ков,
1830s	1	2	NOUN	Едѝномы̀слиѐм едѝная̀ душа̀,
1830s	1	2	NOUN	Мы гла̀сом то̀ржества̀ сопра̀здную̀щих лѝков
1830s	1	2	VERB	С проро̀ком во̀ззовѐм, весѐлиѐм дыша̀:
1830s	1	2	NOUN	О дщѐрь Сио̀нова̀! о дщѐрь свято̀го гра̀да!
1830s	1	2	VERB	Се Ца̀рь твой шѐствуѐт -- возра̀дуйся̀, взыгра̀й!
1830s	1	2	NOUN	Се Кро̀ткий тво̀й грядѐт спастѝ тебя̀ от а̀да,
1830s	1	1	NOUN	И вно̀вь и на̀всегда̀ ввестѝ с Собо̀ю в ра̀й.
1830s	1	2	ADJ	Ты в срѐтеньѐ Ему̀ соста̀вив пра̀здник сла̀вный,
1830s	1	3	NOUN	Гремѝ, гремѝ хвалу̀: оса̀нна в нѐбеса̀х!
1830s	1	3	ADJ	Благо̀словѐн вовѐк Изра̀илѐв держа̀вный,
1830s	1	2	NOUN	Гряду̀щий ца̀рствова̀ть в незло̀бивы̀х сердца̀х!
1830s	1	4	NOUN	Воскрѐс, воскрѐс Христо̀с! из мѐртвых -- Жѝзнода̀тель!
1830s	1	2	NOUN	Смерть смѐртию̀ попра̀л! -- и тлѐющѝх в землѐ
1830s	1	4	NOUN	Вновь жѝзнью о̀живѝл, Творѐц и Во̀ссозда̀тель!
1830s	1	1	NOUN	Воскрѐс -- и про̀светѝл сидя̀щих в смѐртной мглѐ.
1830s	1	3	NOUN	Мы зрѝм, мы чу̀вствуѐм, по вѐре, по̀ иску̀су,
1830s	1	2	NOUN	В Нем на̀шей бу̀дущѐй велѝчиѐ судьбы̀.
1830s	1	4	NOUN	Покло̀нимся̀ чело̀м и сѐрдцем Ѝису̀су,
1830s	1	2	NOUN	Свято̀му грѐшныѐ, и Го̀споду̀ рабы̀.
1830s	1	3	ADJ	Он смѐртну пло̀ть прия̀в, подо̀бную̀ грехо̀вной,
1830s	1	2	ADJ	Греха̀ явѝлся чу̀жд меж смѐртнымѝ едѝн.
1830s	1	3	ADJ	Мы чтѝм Безгрѐшного̀ -- ив рѐвностѝ духо̀вной,
1830s	1	1	NOUN	О ѝстый Вы̀шняго̀ Пома̀заннѝк и Сы̀н!
1830s	1	3	ADJ	Мы па̀даѐм лицѐм во пра̀х лица̀ земна̀го
1830s	1	2	NOUN	Пред зна̀менѐм Твоѝм, пред о̀бразо̀м креста̀.
1830s	1	3	ADJ	Ты Бо̀г наш, Ты̀ едѝн! -- не зна̀ем мы̀ ина̀го;
1830s	1	2	NOUN	Мы ѝменѐм Твоѝм святѝм своѝ уста̀;
1830s	1	4	VERB	И пѐснямѝ похва̀л венча̀ем во̀схищѐнны
1830s	1	3	NOUN	Из мѐртвых Тво̀его̀ восхо̀да то̀ржество̀.
1830s	1	4	VERB	Придѝте, вѐрныѐ! и вѐрой о̀свящѐнны
1830s	1	3	NOUN	Воскрѐсшего̀ Христа̀ просла̀вим Бо̀жество̀,
1830s	1	4	VERB	Просла̀вим жѐртвою̀ молѝтвы у̀милѐнной.
1830s	1	2	NOUN	Распя̀лся О̀н за мѝр -- и мѝр Его̀ кресто̀м,
1830s	1	3	NOUN	Над смѐртью хѝщною̀, страшѝлищѐм вселѐнной,
1830s	1	2	ADJ	Побѐдой хва̀лится̀ в весѐлиѝ свято̀м.
1830s	1	2	NOUN	Распя̀лся О̀н за на̀с -- и мы̀ в согла̀сном лѝке
1830s	1	2	NOUN	Его̀ благо̀словѝм за мно̀жество̀ щедро̀т,
1830s	1	3	NOUN	И смѐртныѐ слугѝ воскрѐсшему̀ Влады̀ке
1830s	1	1	NOUN	Созву̀чную̀ хвалу̀ востру̀бим в ро̀д и ро̀д.
1830s	1	2	NOUN	Ты в сла̀ве, Бо̀г Госпо̀дь! свершѝтель О̀тчей во̀ли,
1830s	1	3	NOUN	Вознѐсся к вы̀спреннѝм от смѐртныя̀ юдо̀ли;
1830s	1	2	NOUN	И да̀л учѐника̀м весѐлиѐ в сердца̀,
1830s	1	2	NOUN	Посла̀ть обѐтова̀в им Ду̀ха о̀т Отца̀,
1830s	1	2	NOUN	Кото̀рого̀ Тебѐ Отѐц даѐт не в мѐру;
1830s	1	2	NOUN	И в нѝх уко̀ренѝл благо̀словѐньем вѐру,
1830s	1	1	NOUN	Что Ты̀, воѝстину̀, живо̀го Бо̀га Сы̀н,
1830s	1	3	NOUN	И всѐй вселѐнныя̀ Спасѝтель, Вла̀стелѝн. --
1830s	1	2	NOUN	Горѐ не ра̀злуча̀сь Отѐческо̀го ло̀на,
1830s	1	3	NOUN	И до̀лу с смѐртнымѝ пожѝв, как чѐловѐк,
1830s	1	4	NOUN	Ты днѐсь торжѐственно̀, с вершѝны Ѐлео̀на,
1830s	1	2	ADV	Сладча̀йший Ѝису̀с! наш Бо̀г и ча̀сть вовѐк!
1830s	1	4	ADJ	Вознѐсся с пло̀тию̀ в мир жѝзней бѐстелѐсных;
1830s	1	3	NOUN	И на̀ше па̀дшеѐ земно̀е ѐстество̀
1830s	1	4	ADJ	Вознѐс -- и спо̀садѝл Отцу̀ на прѐнебѐсных.
1830s	1	3	NOUN	И та̀м, где сла̀вою̀ сия̀ет Бо̀жество̀,
1830s	1	4	ADJ	Там чѐловѐчество̀ во свѐте нѐсозда̀нном
1830s	1	2	NOUN	Сидя̀щеѐ узрѐв, сил а̀нгельскѝх чины̀
1830s	1	4	ADJ	Дивѝлись в у̀жасѐ о чу̀де нѐсказа̀нном,
1830s	1	2	NOUN	Блажѝли жрѐбий ча̀д подсо̀лнечно̀й страны̀,
1830s	1	3	NOUN	И к нѝм Твою̀ любо̀вь прево̀знеслѝ хвала̀ми.
1830s	1	2	NOUN	И мы̀ Твоѝх щедро̀т не бу̀дем лѝ певцы̀?
1830s	1	3	NOUN	Мы, бла̀гостѝ Твоѐй прикры̀тыѐ крила̀ми?
1830s	1	2	NOUN	Мы, го̀рлицы̀ Твоѐй чистѐйшия̀ птенцы̀?
1830s	1	3	ADJ	Тебя̀, сошѐдший к на̀м от вы̀соты̀ безмѐрной!
1830s	1	1	PRON	Тебя̀, вознѐсшийся̀ на го̀рняя̀ от на̀с!
1830s	1	3	ADJ	Мы сла̀вим брѐнныѐ от нѐмощѝ усѐрдной
1830s	1	1	NOUN	И пла̀менно̀й мольбы̀ к Тебѐ возно̀сим гла̀с:
1830s	1	2	NOUN	Ты в нѐбо во̀знося̀сь излѝл небѐсну ра̀дость
1830s	1	4	NOUN	В грудь Ма̀терѝ Твоѐй, в сердца̀ учѐнико̀в;
1830s	1	2	NOUN	И на̀м, для ѝх молѝтв, излѐй их чу̀вства сла̀дость,
